case_id,case_name,case_group,commodity_scope,dimension,raw_input_fields,raw_input_values,score_0_4,weight,weighted_contribution,applicable_weight,total_weighted_contribution,normalized_score_0_100,rank_within_table,rank_group,score_status,confidence,caveat,source_slice,source_urls_or_local_paths
current_hormuz_oil_products_aggregate,Current Strait of Hormuz disruption,current_hormuz,oil/products aggregate,realized_or_exposed_disruption_share,disrupted_share_pct;exposed_or_lost_flow;baseline_or_market_size,about 19% of world liquid-fuels consumption exposed | exposed_or_lost_flow=19.87 | baseline=19.87 mb/d total oil via Hormuz in 2025; global liquids consumption about 104.0 mb/d,4,18,18,68,52.88,77.76,8,current Hormuz product/channel rows only,provisional,medium_high,"Panel states about 19% of world liquid-fuels consumption exposed. Current Hormuz rows are exposure/scenario rows, not observed realized losses.",current_hormuz,data/derived/hormuz_kmz_7_product_disruption_master_table_prelim.csv | data/derived/hormuz_s49_6_stockpile_buffer_duration.csv | data/derived/hormuz_f6r_5_replacement_demand_response.csv | data/derived/hormuz_l8m_6_sector_exposure_bands.csv | https://www.iea.org/about/oil-security-and-emergency-response/strait-of-hormuz | https://www.eia.gov/todayinenergy/detail.php?id=65504 | https://www.eia.gov/outlooks/steo/report/global_oil.php | access_date=2026-07-06
current_hormuz_oil_products_aggregate,Current Strait of Hormuz disruption,current_hormuz,oil/products aggregate,disruption_intensity,disrupted_share_pct;duration_days,share_for_score=19; duration_days=NA; pct_days=NA,NA,14,NA,68,52.88,77.76,8,current Hormuz product/channel rows only,provisional,low,Percent-days computed as scored share times duration_days; not computed when either field is missing.,current_hormuz,data/derived/hormuz_kmz_7_product_disruption_master_table_prelim.csv | data/derived/hormuz_s49_6_stockpile_buffer_duration.csv | data/derived/hormuz_f6r_5_replacement_demand_response.csv | data/derived/hormuz_l8m_6_sector_exposure_bands.csv | https://www.iea.org/about/oil-security-and-emergency-response/strait-of-hormuz | https://www.eia.gov/todayinenergy/detail.php?id=65504 | https://www.eia.gov/outlooks/steo/report/global_oil.php | access_date=2026-07-06
current_hormuz_oil_products_aggregate,Current Strait of Hormuz disruption,current_hormuz,oil/products aggregate,route_substitution_constraint,route_substitution_constraint,Some Saudi and UAE liquids can use bypass routes but capacity/quality/port constraints mean the aggregate oil flow is not fully substitutable; Kuwait Qatar Iraq and Iran have much weaker bypass options,3,12,9,68,52.88,77.76,8,current Hormuz product/channel rows only,provisional,medium_high,Rubric score from panel text; no independent route-capacity model added in 4j7.4.,current_hormuz,data/derived/hormuz_kmz_7_product_disruption_master_table_prelim.csv | data/derived/hormuz_s49_6_stockpile_buffer_duration.csv | data/derived/hormuz_f6r_5_replacement_demand_response.csv | data/derived/hormuz_l8m_6_sector_exposure_bands.csv | https://www.iea.org/about/oil-security-and-emergency-response/strait-of-hormuz | https://www.eia.gov/todayinenergy/detail.php?id=65504 | https://www.eia.gov/outlooks/steo/report/global_oil.php | access_date=2026-07-06
current_hormuz_oil_products_aggregate,Current Strait of Hormuz disruption,current_hormuz,oil/products aggregate,spare_capacity_buffer,spare_capacity_or_rerouting;replacement_or_demand_response," | Replacement comes from Atlantic Basin/Russia/non-Hormuz sourcing, refinery-run cuts, inventory draw, and demand destruction; country F6R rows quantify crude adjustment for China India Japan Korea Europe and the United States",3,10,7.5,68,52.88,77.76,8,current Hormuz product/channel rows only,provisional,medium_high,Qualitative inverse-buffer score from panel spare/rerouting and replacement-response fields.,current_hormuz,data/derived/hormuz_kmz_7_product_disruption_master_table_prelim.csv | data/derived/hormuz_s49_6_stockpile_buffer_duration.csv | data/derived/hormuz_f6r_5_replacement_demand_response.csv | data/derived/hormuz_l8m_6_sector_exposure_bands.csv | https://www.iea.org/about/oil-security-and-emergency-response/strait-of-hormuz | https://www.eia.gov/todayinenergy/detail.php?id=65504 | https://www.eia.gov/outlooks/steo/report/global_oil.php | access_date=2026-07-06
current_hormuz_oil_products_aggregate,Current Strait of Hormuz disruption,current_hormuz,oil/products aggregate,inventory_cover,inventory_or_policy_buffer,IEA collective stock action and country SPR/commercial inventory bridges offset part of the shock; examples include U.S. IEA allocation 172.2 mb and Japan allocation 79.8 mb; China public evidence supports commercial stock draw but not clean SPR accounting,2,10,5,68,52.88,77.76,8,current Hormuz product/channel rows only,provisional,medium_high,Marked NA where the panel gives no inventory/stock-policy analogue for the route case.,current_hormuz,data/derived/hormuz_kmz_7_product_disruption_master_table_prelim.csv | data/derived/hormuz_s49_6_stockpile_buffer_duration.csv | data/derived/hormuz_f6r_5_replacement_demand_response.csv | data/derived/hormuz_l8m_6_sector_exposure_bands.csv | https://www.iea.org/about/oil-security-and-emergency-response/strait-of-hormuz | https://www.eia.gov/todayinenergy/detail.php?id=65504 | https://www.eia.gov/outlooks/steo/report/global_oil.php | access_date=2026-07-06
current_hormuz_oil_products_aggregate,Current Strait of Hormuz disruption,current_hormuz,oil/products aggregate,strategic_response_offset,inventory_or_policy_buffer;replacement_or_demand_response,"IEA collective stock action and country SPR/commercial inventory bridges offset part of the shock; examples include U.S. IEA allocation 172.2 mb and Japan allocation 79.8 mb; China public evidence supports commercial stock draw but not clean SPR accounting | Replacement comes from Atlantic Basin/Russia/non-Hormuz sourcing, refinery-run cuts, inventory draw, and demand destruction; country F6R rows quantify crude adjustment for China India Japan Korea Europe and the United States",2,8,4,68,52.88,77.76,8,current Hormuz product/channel rows only,provisional,medium_high,Qualitative inverse-offset score; lower score means emergency response materially reduced system severity.,current_hormuz,data/derived/hormuz_kmz_7_product_disruption_master_table_prelim.csv | data/derived/hormuz_s49_6_stockpile_buffer_duration.csv | data/derived/hormuz_f6r_5_replacement_demand_response.csv | data/derived/hormuz_l8m_6_sector_exposure_bands.csv | https://www.iea.org/about/oil-security-and-emergency-response/strait-of-hormuz | https://www.eia.gov/todayinenergy/detail.php?id=65504 | https://www.eia.gov/outlooks/steo/report/global_oil.php | access_date=2026-07-06
current_hormuz_oil_products_aggregate,Current Strait of Hormuz disruption,current_hormuz,oil/products aggregate,real_price_response,peak_real_price_change_pct;price_or_cost_channel,peak_real_price_change_pct= | Broad oil price channel plus refined-product cracks freight and war-risk premiums; L8M sector table maps 15/25/40% low/base/high energy-price shocks into U.S. business cost bands,NA,12,NA,68,52.88,77.76,8,current Hormuz product/channel rows only,provisional,low,NA where 4j7.3 did not collect a clean attributable real price move.,current_hormuz,data/derived/hormuz_kmz_7_product_disruption_master_table_prelim.csv | data/derived/hormuz_s49_6_stockpile_buffer_duration.csv | data/derived/hormuz_f6r_5_replacement_demand_response.csv | data/derived/hormuz_l8m_6_sector_exposure_bands.csv | https://www.iea.org/about/oil-security-and-emergency-response/strait-of-hormuz | https://www.eia.gov/todayinenergy/detail.php?id=65504 | https://www.eia.gov/outlooks/steo/report/global_oil.php | access_date=2026-07-06
current_hormuz_oil_products_aggregate,Current Strait of Hormuz disruption,current_hormuz,oil/products aggregate,duration_recovery_shape,duration_days;start_date;end_date,duration_days=; start=; end=,NA,6,NA,68,52.88,77.76,8,current Hormuz product/channel rows only,provisional,low,"Duration score uses panel event window, not necessarily full economic recovery.",current_hormuz,data/derived/hormuz_kmz_7_product_disruption_master_table_prelim.csv | data/derived/hormuz_s49_6_stockpile_buffer_duration.csv | data/derived/hormuz_f6r_5_replacement_demand_response.csv | data/derived/hormuz_l8m_6_sector_exposure_bands.csv | https://www.iea.org/about/oil-security-and-emergency-response/strait-of-hormuz | https://www.eia.gov/todayinenergy/detail.php?id=65504 | https://www.eia.gov/outlooks/steo/report/global_oil.php | access_date=2026-07-06
current_hormuz_oil_products_aggregate,Current Strait of Hormuz disruption,current_hormuz,oil/products aggregate,geographic_concentration,commodity_scope;baseline_or_market_size;disrupted_share_pct,oil/products aggregate | 19.87 mb/d total oil via Hormuz in 2025; global liquids consumption about 104.0 mb/d | about 19% of world liquid-fuels consumption exposed,3.5,5,4.38,68,52.88,77.76,8,current Hormuz product/channel rows only,provisional,medium_high,Qualitative score because the panel does not include HHI/top-five exposure fields for every case.,current_hormuz,data/derived/hormuz_kmz_7_product_disruption_master_table_prelim.csv | data/derived/hormuz_s49_6_stockpile_buffer_duration.csv | data/derived/hormuz_f6r_5_replacement_demand_response.csv | data/derived/hormuz_l8m_6_sector_exposure_bands.csv | https://www.iea.org/about/oil-security-and-emergency-response/strait-of-hormuz | https://www.eia.gov/todayinenergy/detail.php?id=65504 | https://www.eia.gov/outlooks/steo/report/global_oil.php | access_date=2026-07-06
current_hormuz_oil_products_aggregate,Current Strait of Hormuz disruption,current_hormuz,oil/products aggregate,shipping_insurance_channel,price_or_cost_channel;route_substitution_constraint,Broad oil price channel plus refined-product cracks freight and war-risk premiums; L8M sector table maps 15/25/40% low/base/high energy-price shocks into U.S. business cost bands | Some Saudi and UAE liquids can use bypass routes but capacity/quality/port constraints mean the aggregate oil flow is not fully substitutable; Kuwait Qatar Iraq and Iran have much weaker bypass options,4,5,5,68,52.88,77.76,8,current Hormuz product/channel rows only,provisional,medium_high,"Qualitative score for freight, war-risk, demurrage, vessel-days, and escort/security frictions in panel text.",current_hormuz,data/derived/hormuz_kmz_7_product_disruption_master_table_prelim.csv | data/derived/hormuz_s49_6_stockpile_buffer_duration.csv | data/derived/hormuz_f6r_5_replacement_demand_response.csv | data/derived/hormuz_l8m_6_sector_exposure_bands.csv | https://www.iea.org/about/oil-security-and-emergency-response/strait-of-hormuz | https://www.eia.gov/todayinenergy/detail.php?id=65504 | https://www.eia.gov/outlooks/steo/report/global_oil.php | access_date=2026-07-06
current_hormuz_crude_condensate,Current Strait of Hormuz disruption,current_hormuz,crude/condensate,realized_or_exposed_disruption_share,disrupted_share_pct;exposed_or_lost_flow;baseline_or_market_size,about 34% of global crude trade exposed | exposed_or_lost_flow=14.95 | baseline=14.95 mb/d crude and condensate via Hormuz in 2025; implied global crude trade denominator about 44 mb/d,4,18,18,68,54.38,79.96,7,current Hormuz product/channel rows only,provisional,medium,"Panel states about 34% of global crude trade exposed. Current Hormuz rows are exposure/scenario rows, not observed realized losses.",current_hormuz,data/derived/hormuz_kmz_3_country_product_disruption_estimates.csv | data/derived/hormuz_kmz_7_product_disruption_master_table_prelim.csv | data/derived/hormuz_f6r_1_importer_exposure_matrix.csv | data/derived/hormuz_f6r_5_replacement_demand_response.csv | data/derived/hormuz_s49_6_stockpile_buffer_duration.csv | https://www.iea.org/about/oil-security-and-emergency-response/strait-of-hormuz | https://www.eia.gov/todayinenergy/detail.php?id=65504 | https://www.eia.gov/todayinenergy/images/2025.06.16/fig3.xlsx | access_date=2026-07-06
current_hormuz_crude_condensate,Current Strait of Hormuz disruption,current_hormuz,crude/condensate,disruption_intensity,disrupted_share_pct;duration_days,share_for_score=34; duration_days=NA; pct_days=NA,NA,14,NA,68,54.38,79.96,7,current Hormuz product/channel rows only,provisional,low,Percent-days computed as scored share times duration_days; not computed when either field is missing.,current_hormuz,data/derived/hormuz_kmz_3_country_product_disruption_estimates.csv | data/derived/hormuz_kmz_7_product_disruption_master_table_prelim.csv | data/derived/hormuz_f6r_1_importer_exposure_matrix.csv | data/derived/hormuz_f6r_5_replacement_demand_response.csv | data/derived/hormuz_s49_6_stockpile_buffer_duration.csv | https://www.iea.org/about/oil-security-and-emergency-response/strait-of-hormuz | https://www.eia.gov/todayinenergy/detail.php?id=65504 | https://www.eia.gov/todayinenergy/images/2025.06.16/fig3.xlsx | access_date=2026-07-06
current_hormuz_crude_condensate,Current Strait of Hormuz disruption,current_hormuz,crude/condensate,route_substitution_constraint,route_substitution_constraint,Saudi East-West and UAE/Fujairah options reduce but do not eliminate exposure; Iraq Kuwait Qatar and Iran are highly route-constrained; substitute crude grades and sanctions risk limit rapid replacement,3.5,12,10.5,68,54.38,79.96,7,current Hormuz product/channel rows only,provisional,medium,Rubric score from panel text; no independent route-capacity model added in 4j7.4.,current_hormuz,data/derived/hormuz_kmz_3_country_product_disruption_estimates.csv | data/derived/hormuz_kmz_7_product_disruption_master_table_prelim.csv | data/derived/hormuz_f6r_1_importer_exposure_matrix.csv | data/derived/hormuz_f6r_5_replacement_demand_response.csv | data/derived/hormuz_s49_6_stockpile_buffer_duration.csv | https://www.iea.org/about/oil-security-and-emergency-response/strait-of-hormuz | https://www.eia.gov/todayinenergy/detail.php?id=65504 | https://www.eia.gov/todayinenergy/images/2025.06.16/fig3.xlsx | access_date=2026-07-06
current_hormuz_crude_condensate,Current Strait of Hormuz disruption,current_hormuz,crude/condensate,spare_capacity_buffer,spare_capacity_or_rerouting;replacement_or_demand_response, | F6R rows estimate crude replacement supply plus inventory draw plus demand destruction for China India Japan South Korea Europe and the United States; Japan and India have the clearest public replacement-procurement signals,3,10,7.5,68,54.38,79.96,7,current Hormuz product/channel rows only,provisional,medium,Qualitative inverse-buffer score from panel spare/rerouting and replacement-response fields.,current_hormuz,data/derived/hormuz_kmz_3_country_product_disruption_estimates.csv | data/derived/hormuz_kmz_7_product_disruption_master_table_prelim.csv | data/derived/hormuz_f6r_1_importer_exposure_matrix.csv | data/derived/hormuz_f6r_5_replacement_demand_response.csv | data/derived/hormuz_s49_6_stockpile_buffer_duration.csv | https://www.iea.org/about/oil-security-and-emergency-response/strait-of-hormuz | https://www.eia.gov/todayinenergy/detail.php?id=65504 | https://www.eia.gov/todayinenergy/images/2025.06.16/fig3.xlsx | access_date=2026-07-06
current_hormuz_crude_condensate,Current Strait of Hormuz disruption,current_hormuz,crude/condensate,inventory_cover,inventory_or_policy_buffer,Oil stock policy buffers are strongest for IEA members; China commercial/operational draw proxy is 25 mb already drawn and 0.5/1.0/1.8 mb/d low/base/high flow-equivalent but government SPR use is opaque,2,10,5,68,54.38,79.96,7,current Hormuz product/channel rows only,provisional,medium,Marked NA where the panel gives no inventory/stock-policy analogue for the route case.,current_hormuz,data/derived/hormuz_kmz_3_country_product_disruption_estimates.csv | data/derived/hormuz_kmz_7_product_disruption_master_table_prelim.csv | data/derived/hormuz_f6r_1_importer_exposure_matrix.csv | data/derived/hormuz_f6r_5_replacement_demand_response.csv | data/derived/hormuz_s49_6_stockpile_buffer_duration.csv | https://www.iea.org/about/oil-security-and-emergency-response/strait-of-hormuz | https://www.eia.gov/todayinenergy/detail.php?id=65504 | https://www.eia.gov/todayinenergy/images/2025.06.16/fig3.xlsx | access_date=2026-07-06
current_hormuz_crude_condensate,Current Strait of Hormuz disruption,current_hormuz,crude/condensate,strategic_response_offset,inventory_or_policy_buffer;replacement_or_demand_response,Oil stock policy buffers are strongest for IEA members; China commercial/operational draw proxy is 25 mb already drawn and 0.5/1.0/1.8 mb/d low/base/high flow-equivalent but government SPR use is opaque | F6R rows estimate crude replacement supply plus inventory draw plus demand destruction for China India Japan South Korea Europe and the United States; Japan and India have the clearest public replacement-procurement signals,2,8,4,68,54.38,79.96,7,current Hormuz product/channel rows only,provisional,medium,Qualitative inverse-offset score; lower score means emergency response materially reduced system severity.,current_hormuz,data/derived/hormuz_kmz_3_country_product_disruption_estimates.csv | data/derived/hormuz_kmz_7_product_disruption_master_table_prelim.csv | data/derived/hormuz_f6r_1_importer_exposure_matrix.csv | data/derived/hormuz_f6r_5_replacement_demand_response.csv | data/derived/hormuz_s49_6_stockpile_buffer_duration.csv | https://www.iea.org/about/oil-security-and-emergency-response/strait-of-hormuz | https://www.eia.gov/todayinenergy/detail.php?id=65504 | https://www.eia.gov/todayinenergy/images/2025.06.16/fig3.xlsx | access_date=2026-07-06
current_hormuz_crude_condensate,Current Strait of Hormuz disruption,current_hormuz,crude/condensate,real_price_response,peak_real_price_change_pct;price_or_cost_channel,peak_real_price_change_pct= | Brent and delivered crude price shock; downstream refinery and freight channels propagate into products and energy-intensive sectors,NA,12,NA,68,54.38,79.96,7,current Hormuz product/channel rows only,provisional,low,NA where 4j7.3 did not collect a clean attributable real price move.,current_hormuz,data/derived/hormuz_kmz_3_country_product_disruption_estimates.csv | data/derived/hormuz_kmz_7_product_disruption_master_table_prelim.csv | data/derived/hormuz_f6r_1_importer_exposure_matrix.csv | data/derived/hormuz_f6r_5_replacement_demand_response.csv | data/derived/hormuz_s49_6_stockpile_buffer_duration.csv | https://www.iea.org/about/oil-security-and-emergency-response/strait-of-hormuz | https://www.eia.gov/todayinenergy/detail.php?id=65504 | https://www.eia.gov/todayinenergy/images/2025.06.16/fig3.xlsx | access_date=2026-07-06
current_hormuz_crude_condensate,Current Strait of Hormuz disruption,current_hormuz,crude/condensate,duration_recovery_shape,duration_days;start_date;end_date,duration_days=; start=; end=,NA,6,NA,68,54.38,79.96,7,current Hormuz product/channel rows only,provisional,low,"Duration score uses panel event window, not necessarily full economic recovery.",current_hormuz,data/derived/hormuz_kmz_3_country_product_disruption_estimates.csv | data/derived/hormuz_kmz_7_product_disruption_master_table_prelim.csv | data/derived/hormuz_f6r_1_importer_exposure_matrix.csv | data/derived/hormuz_f6r_5_replacement_demand_response.csv | data/derived/hormuz_s49_6_stockpile_buffer_duration.csv | https://www.iea.org/about/oil-security-and-emergency-response/strait-of-hormuz | https://www.eia.gov/todayinenergy/detail.php?id=65504 | https://www.eia.gov/todayinenergy/images/2025.06.16/fig3.xlsx | access_date=2026-07-06
current_hormuz_crude_condensate,Current Strait of Hormuz disruption,current_hormuz,crude/condensate,geographic_concentration,commodity_scope;baseline_or_market_size;disrupted_share_pct,crude/condensate | 14.95 mb/d crude and condensate via Hormuz in 2025; implied global crude trade denominator about 44 mb/d | about 34% of global crude trade exposed,3.5,5,4.38,68,54.38,79.96,7,current Hormuz product/channel rows only,provisional,medium,Qualitative score because the panel does not include HHI/top-five exposure fields for every case.,current_hormuz,data/derived/hormuz_kmz_3_country_product_disruption_estimates.csv | data/derived/hormuz_kmz_7_product_disruption_master_table_prelim.csv | data/derived/hormuz_f6r_1_importer_exposure_matrix.csv | data/derived/hormuz_f6r_5_replacement_demand_response.csv | data/derived/hormuz_s49_6_stockpile_buffer_duration.csv | https://www.iea.org/about/oil-security-and-emergency-response/strait-of-hormuz | https://www.eia.gov/todayinenergy/detail.php?id=65504 | https://www.eia.gov/todayinenergy/images/2025.06.16/fig3.xlsx | access_date=2026-07-06
current_hormuz_crude_condensate,Current Strait of Hormuz disruption,current_hormuz,crude/condensate,shipping_insurance_channel,price_or_cost_channel;route_substitution_constraint,Brent and delivered crude price shock; downstream refinery and freight channels propagate into products and energy-intensive sectors | Saudi East-West and UAE/Fujairah options reduce but do not eliminate exposure; Iraq Kuwait Qatar and Iran are highly route-constrained; substitute crude grades and sanctions risk limit rapid replacement,4,5,5,68,54.38,79.96,7,current Hormuz product/channel rows only,provisional,medium,"Qualitative score for freight, war-risk, demurrage, vessel-days, and escort/security frictions in panel text.",current_hormuz,data/derived/hormuz_kmz_3_country_product_disruption_estimates.csv | data/derived/hormuz_kmz_7_product_disruption_master_table_prelim.csv | data/derived/hormuz_f6r_1_importer_exposure_matrix.csv | data/derived/hormuz_f6r_5_replacement_demand_response.csv | data/derived/hormuz_s49_6_stockpile_buffer_duration.csv | https://www.iea.org/about/oil-security-and-emergency-response/strait-of-hormuz | https://www.eia.gov/todayinenergy/detail.php?id=65504 | https://www.eia.gov/todayinenergy/images/2025.06.16/fig3.xlsx | access_date=2026-07-06
current_hormuz_lng,Current Strait of Hormuz disruption,current_hormuz,LNG,realized_or_exposed_disruption_share,disrupted_share_pct;exposed_or_lost_flow;baseline_or_market_size,almost one-fifth of global LNG trade and more than one-quarter of Asia LNG imports exposed | exposed_or_lost_flow=11.43 | baseline=11.43 Bcf/d Qatar plus UAE 2025Q1 LNG run-rate; more than 110 bcm/year via Hormuz in 2025,4,18,18,68,63.25,93.01,2,current Hormuz product/channel rows only,provisional,high,"Panel states almost one-fifth of global LNG trade exposed; Asia exposure is higher. Current Hormuz rows are exposure/scenario rows, not observed realized losses.",current_hormuz,data/derived/hormuz_kmz_3_country_product_disruption_estimates.csv | data/derived/hormuz_kmz_7_product_disruption_master_table_prelim.csv | data/derived/hormuz_f6r_1_importer_exposure_matrix.csv | data/derived/hormuz_f6r_5_replacement_demand_response.csv | data/derived/hormuz_s49_6_stockpile_buffer_duration.csv | https://www.iea.org/topics/the-middle-east-and-global-energy-markets | https://www.eia.gov/todayinenergy/detail.php?id=65584 | access_date=2026-07-06
current_hormuz_lng,Current Strait of Hormuz disruption,current_hormuz,LNG,disruption_intensity,disrupted_share_pct;duration_days,share_for_score=20; duration_days=NA; pct_days=NA,NA,14,NA,68,63.25,93.01,2,current Hormuz product/channel rows only,provisional,low,Percent-days computed as scored share times duration_days; not computed when either field is missing.,current_hormuz,data/derived/hormuz_kmz_3_country_product_disruption_estimates.csv | data/derived/hormuz_kmz_7_product_disruption_master_table_prelim.csv | data/derived/hormuz_f6r_1_importer_exposure_matrix.csv | data/derived/hormuz_f6r_5_replacement_demand_response.csv | data/derived/hormuz_s49_6_stockpile_buffer_duration.csv | https://www.iea.org/topics/the-middle-east-and-global-energy-markets | https://www.eia.gov/todayinenergy/detail.php?id=65584 | access_date=2026-07-06
current_hormuz_lng,Current Strait of Hormuz disruption,current_hormuz,LNG,route_substitution_constraint,route_substitution_constraint,No practical maritime bypass for Qatar/UAE LNG; Oman or pipeline alternatives are not a scalable replacement for Qatari liquefaction exports,4,12,12,68,63.25,93.01,2,current Hormuz product/channel rows only,provisional,high,Rubric score from panel text; no independent route-capacity model added in 4j7.4.,current_hormuz,data/derived/hormuz_kmz_3_country_product_disruption_estimates.csv | data/derived/hormuz_kmz_7_product_disruption_master_table_prelim.csv | data/derived/hormuz_f6r_1_importer_exposure_matrix.csv | data/derived/hormuz_f6r_5_replacement_demand_response.csv | data/derived/hormuz_s49_6_stockpile_buffer_duration.csv | https://www.iea.org/topics/the-middle-east-and-global-energy-markets | https://www.eia.gov/todayinenergy/detail.php?id=65584 | access_date=2026-07-06
current_hormuz_lng,Current Strait of Hormuz disruption,current_hormuz,LNG,spare_capacity_buffer,spare_capacity_or_rerouting;replacement_or_demand_response," | Replacement supply is limited; F6R Asia aggregate estimates 0.02/0.05/0.08 bcm/d equivalent and most adjustment is demand rationing, fuel switching, cargo competition, and storage draw",4,10,10,68,63.25,93.01,2,current Hormuz product/channel rows only,provisional,high,Qualitative inverse-buffer score from panel spare/rerouting and replacement-response fields.,current_hormuz,data/derived/hormuz_kmz_3_country_product_disruption_estimates.csv | data/derived/hormuz_kmz_7_product_disruption_master_table_prelim.csv | data/derived/hormuz_f6r_1_importer_exposure_matrix.csv | data/derived/hormuz_f6r_5_replacement_demand_response.csv | data/derived/hormuz_s49_6_stockpile_buffer_duration.csv | https://www.iea.org/topics/the-middle-east-and-global-energy-markets | https://www.eia.gov/todayinenergy/detail.php?id=65584 | access_date=2026-07-06
current_hormuz_lng,Current Strait of Hormuz disruption,current_hormuz,LNG,inventory_cover,inventory_or_policy_buffer,Japan LNG stock about 21 days of national consumption; South Korea reserve rule 7 days mandatory plus 30 days preventive reserve; Europe storage helps global LNG balance indirectly but does not replace Asian cargoes,2.5,10,6.25,68,63.25,93.01,2,current Hormuz product/channel rows only,provisional,high,Marked NA where the panel gives no inventory/stock-policy analogue for the route case.,current_hormuz,data/derived/hormuz_kmz_3_country_product_disruption_estimates.csv | data/derived/hormuz_kmz_7_product_disruption_master_table_prelim.csv | data/derived/hormuz_f6r_1_importer_exposure_matrix.csv | data/derived/hormuz_f6r_5_replacement_demand_response.csv | data/derived/hormuz_s49_6_stockpile_buffer_duration.csv | https://www.iea.org/topics/the-middle-east-and-global-energy-markets | https://www.eia.gov/todayinenergy/detail.php?id=65584 | access_date=2026-07-06
current_hormuz_lng,Current Strait of Hormuz disruption,current_hormuz,LNG,strategic_response_offset,inventory_or_policy_buffer;replacement_or_demand_response,"Japan LNG stock about 21 days of national consumption; South Korea reserve rule 7 days mandatory plus 30 days preventive reserve; Europe storage helps global LNG balance indirectly but does not replace Asian cargoes | Replacement supply is limited; F6R Asia aggregate estimates 0.02/0.05/0.08 bcm/d equivalent and most adjustment is demand rationing, fuel switching, cargo competition, and storage draw",3.5,8,7,68,63.25,93.01,2,current Hormuz product/channel rows only,provisional,high,Qualitative inverse-offset score; lower score means emergency response materially reduced system severity.,current_hormuz,data/derived/hormuz_kmz_3_country_product_disruption_estimates.csv | data/derived/hormuz_kmz_7_product_disruption_master_table_prelim.csv | data/derived/hormuz_f6r_1_importer_exposure_matrix.csv | data/derived/hormuz_f6r_5_replacement_demand_response.csv | data/derived/hormuz_s49_6_stockpile_buffer_duration.csv | https://www.iea.org/topics/the-middle-east-and-global-energy-markets | https://www.eia.gov/todayinenergy/detail.php?id=65584 | access_date=2026-07-06
current_hormuz_lng,Current Strait of Hormuz disruption,current_hormuz,LNG,real_price_response,peak_real_price_change_pct;price_or_cost_channel,peak_real_price_change_pct= | Spot LNG and regional gas basis channel; power generation fertilizer industry and petrochemicals face rationing or higher gas costs,NA,12,NA,68,63.25,93.01,2,current Hormuz product/channel rows only,provisional,low,NA where 4j7.3 did not collect a clean attributable real price move.,current_hormuz,data/derived/hormuz_kmz_3_country_product_disruption_estimates.csv | data/derived/hormuz_kmz_7_product_disruption_master_table_prelim.csv | data/derived/hormuz_f6r_1_importer_exposure_matrix.csv | data/derived/hormuz_f6r_5_replacement_demand_response.csv | data/derived/hormuz_s49_6_stockpile_buffer_duration.csv | https://www.iea.org/topics/the-middle-east-and-global-energy-markets | https://www.eia.gov/todayinenergy/detail.php?id=65584 | access_date=2026-07-06
current_hormuz_lng,Current Strait of Hormuz disruption,current_hormuz,LNG,duration_recovery_shape,duration_days;start_date;end_date,duration_days=; start=; end=,NA,6,NA,68,63.25,93.01,2,current Hormuz product/channel rows only,provisional,low,"Duration score uses panel event window, not necessarily full economic recovery.",current_hormuz,data/derived/hormuz_kmz_3_country_product_disruption_estimates.csv | data/derived/hormuz_kmz_7_product_disruption_master_table_prelim.csv | data/derived/hormuz_f6r_1_importer_exposure_matrix.csv | data/derived/hormuz_f6r_5_replacement_demand_response.csv | data/derived/hormuz_s49_6_stockpile_buffer_duration.csv | https://www.iea.org/topics/the-middle-east-and-global-energy-markets | https://www.eia.gov/todayinenergy/detail.php?id=65584 | access_date=2026-07-06
current_hormuz_lng,Current Strait of Hormuz disruption,current_hormuz,LNG,geographic_concentration,commodity_scope;baseline_or_market_size;disrupted_share_pct,LNG | 11.43 Bcf/d Qatar plus UAE 2025Q1 LNG run-rate; more than 110 bcm/year via Hormuz in 2025 | almost one-fifth of global LNG trade and more than one-quarter of Asia LNG imports exposed,4,5,5,68,63.25,93.01,2,current Hormuz product/channel rows only,provisional,high,Qualitative score because the panel does not include HHI/top-five exposure fields for every case.,current_hormuz,data/derived/hormuz_kmz_3_country_product_disruption_estimates.csv | data/derived/hormuz_kmz_7_product_disruption_master_table_prelim.csv | data/derived/hormuz_f6r_1_importer_exposure_matrix.csv | data/derived/hormuz_f6r_5_replacement_demand_response.csv | data/derived/hormuz_s49_6_stockpile_buffer_duration.csv | https://www.iea.org/topics/the-middle-east-and-global-energy-markets | https://www.eia.gov/todayinenergy/detail.php?id=65584 | access_date=2026-07-06
current_hormuz_lng,Current Strait of Hormuz disruption,current_hormuz,LNG,shipping_insurance_channel,price_or_cost_channel;route_substitution_constraint,Spot LNG and regional gas basis channel; power generation fertilizer industry and petrochemicals face rationing or higher gas costs | No practical maritime bypass for Qatar/UAE LNG; Oman or pipeline alternatives are not a scalable replacement for Qatari liquefaction exports,4,5,5,68,63.25,93.01,2,current Hormuz product/channel rows only,provisional,high,"Qualitative score for freight, war-risk, demurrage, vessel-days, and escort/security frictions in panel text.",current_hormuz,data/derived/hormuz_kmz_3_country_product_disruption_estimates.csv | data/derived/hormuz_kmz_7_product_disruption_master_table_prelim.csv | data/derived/hormuz_f6r_1_importer_exposure_matrix.csv | data/derived/hormuz_f6r_5_replacement_demand_response.csv | data/derived/hormuz_s49_6_stockpile_buffer_duration.csv | https://www.iea.org/topics/the-middle-east-and-global-energy-markets | https://www.eia.gov/todayinenergy/detail.php?id=65584 | access_date=2026-07-06
current_hormuz_lpg_ngl,Current Strait of Hormuz disruption,current_hormuz,LPG/NGL,realized_or_exposed_disruption_share,disrupted_share_pct;exposed_or_lost_flow;baseline_or_market_size,30% of seaborne LPG exports exposed | exposed_or_lost_flow=1.50 | baseline=1.5 mb/d Gulf LPG exports in 2025; 30% of seaborne LPG exports crossed Hormuz in 2025,4,18,18,68,63.5,93.38,1,current Hormuz product/channel rows only,provisional,medium_high,"Panel states 30% of seaborne LPG exports exposed. Current Hormuz rows are exposure/scenario rows, not observed realized losses.",current_hormuz,data/derived/hormuz_kmz_7_product_disruption_master_table_prelim.csv | data/derived/hormuz_f6r_1_importer_exposure_matrix.csv | data/derived/hormuz_f6r_5_replacement_demand_response.csv | data/derived/hormuz_s49_6_stockpile_buffer_duration.csv | https://www.iea.org/topics/the-middle-east-and-global-energy-markets | https://www.pib.gov.in/PressReleasePage.aspx?PRID=2239021&lang=2&reg=3 | access_date=2026-07-06
current_hormuz_lpg_ngl,Current Strait of Hormuz disruption,current_hormuz,LPG/NGL,disruption_intensity,disrupted_share_pct;duration_days,share_for_score=30; duration_days=NA; pct_days=NA,NA,14,NA,68,63.5,93.38,1,current Hormuz product/channel rows only,provisional,low,Percent-days computed as scored share times duration_days; not computed when either field is missing.,current_hormuz,data/derived/hormuz_kmz_7_product_disruption_master_table_prelim.csv | data/derived/hormuz_f6r_1_importer_exposure_matrix.csv | data/derived/hormuz_f6r_5_replacement_demand_response.csv | data/derived/hormuz_s49_6_stockpile_buffer_duration.csv | https://www.iea.org/topics/the-middle-east-and-global-energy-markets | https://www.pib.gov.in/PressReleasePage.aspx?PRID=2239021&lang=2&reg=3 | access_date=2026-07-06
current_hormuz_lpg_ngl,Current Strait of Hormuz disruption,current_hormuz,LPG/NGL,route_substitution_constraint,route_substitution_constraint,No true bypass market; non-Gulf LPG exists but tanker availability feedstock logistics contract positions and import-terminal limits constrain rapid substitution,4,12,12,68,63.5,93.38,1,current Hormuz product/channel rows only,provisional,medium_high,Rubric score from panel text; no independent route-capacity model added in 4j7.4.,current_hormuz,data/derived/hormuz_kmz_7_product_disruption_master_table_prelim.csv | data/derived/hormuz_f6r_1_importer_exposure_matrix.csv | data/derived/hormuz_f6r_5_replacement_demand_response.csv | data/derived/hormuz_s49_6_stockpile_buffer_duration.csv | https://www.iea.org/topics/the-middle-east-and-global-energy-markets | https://www.pib.gov.in/PressReleasePage.aspx?PRID=2239021&lang=2&reg=3 | access_date=2026-07-06
current_hormuz_lpg_ngl,Current Strait of Hormuz disruption,current_hormuz,LPG/NGL,spare_capacity_buffer,spare_capacity_or_rerouting;replacement_or_demand_response," | India LPG row estimates replacement 0.10/0.18/0.28 mb/d, inventory draw 0.03/0.06/0.10 mb/d, and demand destruction 0.05/0.08/0.12 mb/d against about 0.43 mb/d disrupted imports",3.5,10,8.75,68,63.5,93.38,1,current Hormuz product/channel rows only,provisional,medium_high,Qualitative inverse-buffer score from panel spare/rerouting and replacement-response fields.,current_hormuz,data/derived/hormuz_kmz_7_product_disruption_master_table_prelim.csv | data/derived/hormuz_f6r_1_importer_exposure_matrix.csv | data/derived/hormuz_f6r_5_replacement_demand_response.csv | data/derived/hormuz_s49_6_stockpile_buffer_duration.csv | https://www.iea.org/topics/the-middle-east-and-global-energy-markets | https://www.pib.gov.in/PressReleasePage.aspx?PRID=2239021&lang=2&reg=3 | access_date=2026-07-06
current_hormuz_lpg_ngl,Current Strait of Hormuz disruption,current_hormuz,LPG/NGL,inventory_cover,inventory_or_policy_buffer,India has no public national LPG stock-duration series; public evidence supports allocation controls domestic yield maximization alternative suppliers and booking restrictions rather than a defensible days-of-cover number,3.5,10,8.75,68,63.5,93.38,1,current Hormuz product/channel rows only,provisional,medium_high,Marked NA where the panel gives no inventory/stock-policy analogue for the route case.,current_hormuz,data/derived/hormuz_kmz_7_product_disruption_master_table_prelim.csv | data/derived/hormuz_f6r_1_importer_exposure_matrix.csv | data/derived/hormuz_f6r_5_replacement_demand_response.csv | data/derived/hormuz_s49_6_stockpile_buffer_duration.csv | https://www.iea.org/topics/the-middle-east-and-global-energy-markets | https://www.pib.gov.in/PressReleasePage.aspx?PRID=2239021&lang=2&reg=3 | access_date=2026-07-06
current_hormuz_lpg_ngl,Current Strait of Hormuz disruption,current_hormuz,LPG/NGL,strategic_response_offset,inventory_or_policy_buffer;replacement_or_demand_response,"India has no public national LPG stock-duration series; public evidence supports allocation controls domestic yield maximization alternative suppliers and booking restrictions rather than a defensible days-of-cover number | India LPG row estimates replacement 0.10/0.18/0.28 mb/d, inventory draw 0.03/0.06/0.10 mb/d, and demand destruction 0.05/0.08/0.12 mb/d against about 0.43 mb/d disrupted imports",3,8,6,68,63.5,93.38,1,current Hormuz product/channel rows only,provisional,medium_high,Qualitative inverse-offset score; lower score means emergency response materially reduced system severity.,current_hormuz,data/derived/hormuz_kmz_7_product_disruption_master_table_prelim.csv | data/derived/hormuz_f6r_1_importer_exposure_matrix.csv | data/derived/hormuz_f6r_5_replacement_demand_response.csv | data/derived/hormuz_s49_6_stockpile_buffer_duration.csv | https://www.iea.org/topics/the-middle-east-and-global-energy-markets | https://www.pib.gov.in/PressReleasePage.aspx?PRID=2239021&lang=2&reg=3 | access_date=2026-07-06
current_hormuz_lpg_ngl,Current Strait of Hormuz disruption,current_hormuz,LPG/NGL,real_price_response,peak_real_price_change_pct;price_or_cost_channel,peak_real_price_change_pct= | Household cooking fuel petrochemical C3/C4 feedstock and shipping-cost channel; price effects spill into chemicals and consumer fuel subsidies,NA,12,NA,68,63.5,93.38,1,current Hormuz product/channel rows only,provisional,low,NA where 4j7.3 did not collect a clean attributable real price move.,current_hormuz,data/derived/hormuz_kmz_7_product_disruption_master_table_prelim.csv | data/derived/hormuz_f6r_1_importer_exposure_matrix.csv | data/derived/hormuz_f6r_5_replacement_demand_response.csv | data/derived/hormuz_s49_6_stockpile_buffer_duration.csv | https://www.iea.org/topics/the-middle-east-and-global-energy-markets | https://www.pib.gov.in/PressReleasePage.aspx?PRID=2239021&lang=2&reg=3 | access_date=2026-07-06
current_hormuz_lpg_ngl,Current Strait of Hormuz disruption,current_hormuz,LPG/NGL,duration_recovery_shape,duration_days;start_date;end_date,duration_days=; start=; end=,NA,6,NA,68,63.5,93.38,1,current Hormuz product/channel rows only,provisional,low,"Duration score uses panel event window, not necessarily full economic recovery.",current_hormuz,data/derived/hormuz_kmz_7_product_disruption_master_table_prelim.csv | data/derived/hormuz_f6r_1_importer_exposure_matrix.csv | data/derived/hormuz_f6r_5_replacement_demand_response.csv | data/derived/hormuz_s49_6_stockpile_buffer_duration.csv | https://www.iea.org/topics/the-middle-east-and-global-energy-markets | https://www.pib.gov.in/PressReleasePage.aspx?PRID=2239021&lang=2&reg=3 | access_date=2026-07-06
current_hormuz_lpg_ngl,Current Strait of Hormuz disruption,current_hormuz,LPG/NGL,geographic_concentration,commodity_scope;baseline_or_market_size;disrupted_share_pct,LPG/NGL | 1.5 mb/d Gulf LPG exports in 2025; 30% of seaborne LPG exports crossed Hormuz in 2025 | 30% of seaborne LPG exports exposed,4,5,5,68,63.5,93.38,1,current Hormuz product/channel rows only,provisional,medium_high,Qualitative score because the panel does not include HHI/top-five exposure fields for every case.,current_hormuz,data/derived/hormuz_kmz_7_product_disruption_master_table_prelim.csv | data/derived/hormuz_f6r_1_importer_exposure_matrix.csv | data/derived/hormuz_f6r_5_replacement_demand_response.csv | data/derived/hormuz_s49_6_stockpile_buffer_duration.csv | https://www.iea.org/topics/the-middle-east-and-global-energy-markets | https://www.pib.gov.in/PressReleasePage.aspx?PRID=2239021&lang=2&reg=3 | access_date=2026-07-06
current_hormuz_lpg_ngl,Current Strait of Hormuz disruption,current_hormuz,LPG/NGL,shipping_insurance_channel,price_or_cost_channel;route_substitution_constraint,Household cooking fuel petrochemical C3/C4 feedstock and shipping-cost channel; price effects spill into chemicals and consumer fuel subsidies | No true bypass market; non-Gulf LPG exists but tanker availability feedstock logistics contract positions and import-terminal limits constrain rapid substitution,4,5,5,68,63.5,93.38,1,current Hormuz product/channel rows only,provisional,medium_high,"Qualitative score for freight, war-risk, demurrage, vessel-days, and escort/security frictions in panel text.",current_hormuz,data/derived/hormuz_kmz_7_product_disruption_master_table_prelim.csv | data/derived/hormuz_f6r_1_importer_exposure_matrix.csv | data/derived/hormuz_f6r_5_replacement_demand_response.csv | data/derived/hormuz_s49_6_stockpile_buffer_duration.csv | https://www.iea.org/topics/the-middle-east-and-global-energy-markets | https://www.pib.gov.in/PressReleasePage.aspx?PRID=2239021&lang=2&reg=3 | access_date=2026-07-06
current_hormuz_refined_products,Current Strait of Hormuz disruption,current_hormuz,refined products,realized_or_exposed_disruption_share,disrupted_share_pct;exposed_or_lost_flow;baseline_or_market_size,IEA/World Bank framing around roughly one-fifth of refined-product trade via Hormuz; local denominator still pending | exposed_or_lost_flow=3.30 | baseline=3.3 mb/d Gulf refined-product exports in 2025,4,18,18,68,54.5,80.15,6,current Hormuz product/channel rows only,provisional,medium,"Panel states roughly one-fifth of refined-product trade via Hormuz; denominator pending. Current Hormuz rows are exposure/scenario rows, not observed realized losses.",current_hormuz,data/derived/hormuz_kmz_3_country_product_disruption_estimates.csv | data/derived/hormuz_kmz_7_product_disruption_master_table_prelim.csv | data/derived/hormuz_f6r_1_importer_exposure_matrix.csv | data/derived/hormuz_f6r_5_replacement_demand_response.csv | data/derived/hormuz_l8m_6_sector_exposure_bands.csv | https://www.iea.org/topics/the-middle-east-and-global-energy-markets | access_date=2026-07-06
current_hormuz_refined_products,Current Strait of Hormuz disruption,current_hormuz,refined products,disruption_intensity,disrupted_share_pct;duration_days,share_for_score=20; duration_days=NA; pct_days=NA,NA,14,NA,68,54.5,80.15,6,current Hormuz product/channel rows only,provisional,low,Percent-days computed as scored share times duration_days; not computed when either field is missing.,current_hormuz,data/derived/hormuz_kmz_3_country_product_disruption_estimates.csv | data/derived/hormuz_kmz_7_product_disruption_master_table_prelim.csv | data/derived/hormuz_f6r_1_importer_exposure_matrix.csv | data/derived/hormuz_f6r_5_replacement_demand_response.csv | data/derived/hormuz_l8m_6_sector_exposure_bands.csv | https://www.iea.org/topics/the-middle-east-and-global-energy-markets | access_date=2026-07-06
current_hormuz_refined_products,Current Strait of Hormuz disruption,current_hormuz,refined products,route_substitution_constraint,route_substitution_constraint,Some Saudi and UAE product barrels can be rerouted through Red Sea or Fujairah/Oman options but Gulf product routes remain exposed; replacement runs outside the Gulf are constrained by crude/feedstock availability and product specifications,3,12,9,68,54.5,80.15,6,current Hormuz product/channel rows only,provisional,medium,Rubric score from panel text; no independent route-capacity model added in 4j7.4.,current_hormuz,data/derived/hormuz_kmz_3_country_product_disruption_estimates.csv | data/derived/hormuz_kmz_7_product_disruption_master_table_prelim.csv | data/derived/hormuz_f6r_1_importer_exposure_matrix.csv | data/derived/hormuz_f6r_5_replacement_demand_response.csv | data/derived/hormuz_l8m_6_sector_exposure_bands.csv | https://www.iea.org/topics/the-middle-east-and-global-energy-markets | access_date=2026-07-06
current_hormuz_refined_products,Current Strait of Hormuz disruption,current_hormuz,refined products,spare_capacity_buffer,spare_capacity_or_rerouting;replacement_or_demand_response," | F6R Europe row captures crude/refined-product replacement 0.35/0.60/0.80 mb/d, inventory draw 0.10/0.20/0.35 mb/d, and demand destruction 0.02/0.08/0.18 mb/d; broader product substitution remains incompletely observed",3,10,7.5,68,54.5,80.15,6,current Hormuz product/channel rows only,provisional,medium,Qualitative inverse-buffer score from panel spare/rerouting and replacement-response fields.,current_hormuz,data/derived/hormuz_kmz_3_country_product_disruption_estimates.csv | data/derived/hormuz_kmz_7_product_disruption_master_table_prelim.csv | data/derived/hormuz_f6r_1_importer_exposure_matrix.csv | data/derived/hormuz_f6r_5_replacement_demand_response.csv | data/derived/hormuz_l8m_6_sector_exposure_bands.csv | https://www.iea.org/topics/the-middle-east-and-global-energy-markets | access_date=2026-07-06
current_hormuz_refined_products,Current Strait of Hormuz disruption,current_hormuz,refined products,inventory_cover,inventory_or_policy_buffer,Oil-product inventories and IEA stock releases can buffer some crude/product balances but public product-specific days of cover are weaker than crude stock data,2.5,10,6.25,68,54.5,80.15,6,current Hormuz product/channel rows only,provisional,medium,Marked NA where the panel gives no inventory/stock-policy analogue for the route case.,current_hormuz,data/derived/hormuz_kmz_3_country_product_disruption_estimates.csv | data/derived/hormuz_kmz_7_product_disruption_master_table_prelim.csv | data/derived/hormuz_f6r_1_importer_exposure_matrix.csv | data/derived/hormuz_f6r_5_replacement_demand_response.csv | data/derived/hormuz_l8m_6_sector_exposure_bands.csv | https://www.iea.org/topics/the-middle-east-and-global-energy-markets | access_date=2026-07-06
current_hormuz_refined_products,Current Strait of Hormuz disruption,current_hormuz,refined products,strategic_response_offset,inventory_or_policy_buffer;replacement_or_demand_response,"Oil-product inventories and IEA stock releases can buffer some crude/product balances but public product-specific days of cover are weaker than crude stock data | F6R Europe row captures crude/refined-product replacement 0.35/0.60/0.80 mb/d, inventory draw 0.10/0.20/0.35 mb/d, and demand destruction 0.02/0.08/0.18 mb/d; broader product substitution remains incompletely observed",2.5,8,5,68,54.5,80.15,6,current Hormuz product/channel rows only,provisional,medium,Qualitative inverse-offset score; lower score means emergency response materially reduced system severity.,current_hormuz,data/derived/hormuz_kmz_3_country_product_disruption_estimates.csv | data/derived/hormuz_kmz_7_product_disruption_master_table_prelim.csv | data/derived/hormuz_f6r_1_importer_exposure_matrix.csv | data/derived/hormuz_f6r_5_replacement_demand_response.csv | data/derived/hormuz_l8m_6_sector_exposure_bands.csv | https://www.iea.org/topics/the-middle-east-and-global-energy-markets | access_date=2026-07-06
current_hormuz_refined_products,Current Strait of Hormuz disruption,current_hormuz,refined products,real_price_response,peak_real_price_change_pct;price_or_cost_channel,peak_real_price_change_pct= | Diesel jet fuel gasoline and middle-distillate cracks; transportation and warehousing cost pass-through is likely faster than broad services pass-through,NA,12,NA,68,54.5,80.15,6,current Hormuz product/channel rows only,provisional,low,NA where 4j7.3 did not collect a clean attributable real price move.,current_hormuz,data/derived/hormuz_kmz_3_country_product_disruption_estimates.csv | data/derived/hormuz_kmz_7_product_disruption_master_table_prelim.csv | data/derived/hormuz_f6r_1_importer_exposure_matrix.csv | data/derived/hormuz_f6r_5_replacement_demand_response.csv | data/derived/hormuz_l8m_6_sector_exposure_bands.csv | https://www.iea.org/topics/the-middle-east-and-global-energy-markets | access_date=2026-07-06
current_hormuz_refined_products,Current Strait of Hormuz disruption,current_hormuz,refined products,duration_recovery_shape,duration_days;start_date;end_date,duration_days=; start=; end=,NA,6,NA,68,54.5,80.15,6,current Hormuz product/channel rows only,provisional,low,"Duration score uses panel event window, not necessarily full economic recovery.",current_hormuz,data/derived/hormuz_kmz_3_country_product_disruption_estimates.csv | data/derived/hormuz_kmz_7_product_disruption_master_table_prelim.csv | data/derived/hormuz_f6r_1_importer_exposure_matrix.csv | data/derived/hormuz_f6r_5_replacement_demand_response.csv | data/derived/hormuz_l8m_6_sector_exposure_bands.csv | https://www.iea.org/topics/the-middle-east-and-global-energy-markets | access_date=2026-07-06
current_hormuz_refined_products,Current Strait of Hormuz disruption,current_hormuz,refined products,geographic_concentration,commodity_scope;baseline_or_market_size;disrupted_share_pct,refined products | 3.3 mb/d Gulf refined-product exports in 2025 | IEA/World Bank framing around roughly one-fifth of refined-product trade via Hormuz; local denominator still pending,3,5,3.75,68,54.5,80.15,6,current Hormuz product/channel rows only,provisional,medium,Qualitative score because the panel does not include HHI/top-five exposure fields for every case.,current_hormuz,data/derived/hormuz_kmz_3_country_product_disruption_estimates.csv | data/derived/hormuz_kmz_7_product_disruption_master_table_prelim.csv | data/derived/hormuz_f6r_1_importer_exposure_matrix.csv | data/derived/hormuz_f6r_5_replacement_demand_response.csv | data/derived/hormuz_l8m_6_sector_exposure_bands.csv | https://www.iea.org/topics/the-middle-east-and-global-energy-markets | access_date=2026-07-06
current_hormuz_refined_products,Current Strait of Hormuz disruption,current_hormuz,refined products,shipping_insurance_channel,price_or_cost_channel;route_substitution_constraint,Diesel jet fuel gasoline and middle-distillate cracks; transportation and warehousing cost pass-through is likely faster than broad services pass-through | Some Saudi and UAE product barrels can be rerouted through Red Sea or Fujairah/Oman options but Gulf product routes remain exposed; replacement runs outside the Gulf are constrained by crude/feedstock availability and product specifications,4,5,5,68,54.5,80.15,6,current Hormuz product/channel rows only,provisional,medium,"Qualitative score for freight, war-risk, demurrage, vessel-days, and escort/security frictions in panel text.",current_hormuz,data/derived/hormuz_kmz_3_country_product_disruption_estimates.csv | data/derived/hormuz_kmz_7_product_disruption_master_table_prelim.csv | data/derived/hormuz_f6r_1_importer_exposure_matrix.csv | data/derived/hormuz_f6r_5_replacement_demand_response.csv | data/derived/hormuz_l8m_6_sector_exposure_bands.csv | https://www.iea.org/topics/the-middle-east-and-global-energy-markets | access_date=2026-07-06
current_hormuz_sulphur,Current Strait of Hormuz disruption,current_hormuz,sulphur,realized_or_exposed_disruption_share,disrupted_share_pct;exposed_or_lost_flow;baseline_or_market_size,about 50% of global seaborne sulphur trade exposed | exposed_or_lost_flow=8.623 | baseline=About half of global seaborne sulphur trade moves through Hormuz; local Qatar UAE Saudi component baseline 8.623 Mt/year,4,18,18,68,63.25,93.01,3,current Hormuz product/channel rows only,provisional,medium,"Panel states about 50% of global seaborne sulphur trade exposed. Current Hormuz rows are exposure/scenario rows, not observed realized losses.",current_hormuz,data/derived/hormuz_kmz_3_country_product_disruption_estimates.csv | data/derived/hormuz_kmz_7_product_disruption_master_table_prelim.csv | data/derived/hormuz_f6r_1_importer_exposure_matrix.csv | data/derived/hormuz_f6r_5_replacement_demand_response.csv | data/derived/hormuz_s49_6_stockpile_buffer_duration.csv | https://www.iea.org/topics/the-middle-east-and-global-energy-markets | https://www.fertilizer.org/wp-content/uploads/2026/05/2026_IFA_Medium_Term_Outlook_Report_English.pdf | access_date=2026-07-06
current_hormuz_sulphur,Current Strait of Hormuz disruption,current_hormuz,sulphur,disruption_intensity,disrupted_share_pct;duration_days,share_for_score=50; duration_days=NA; pct_days=NA,NA,14,NA,68,63.25,93.01,3,current Hormuz product/channel rows only,provisional,low,Percent-days computed as scored share times duration_days; not computed when either field is missing.,current_hormuz,data/derived/hormuz_kmz_3_country_product_disruption_estimates.csv | data/derived/hormuz_kmz_7_product_disruption_master_table_prelim.csv | data/derived/hormuz_f6r_1_importer_exposure_matrix.csv | data/derived/hormuz_f6r_5_replacement_demand_response.csv | data/derived/hormuz_s49_6_stockpile_buffer_duration.csv | https://www.iea.org/topics/the-middle-east-and-global-energy-markets | https://www.fertilizer.org/wp-content/uploads/2026/05/2026_IFA_Medium_Term_Outlook_Report_English.pdf | access_date=2026-07-06
current_hormuz_sulphur,Current Strait of Hormuz disruption,current_hormuz,sulphur,route_substitution_constraint,route_substitution_constraint,Limited near-term substitute origin flexibility; Canada Kazakhstan and other non-Gulf sources can help but sour-gas/oil processing terminal stocks and phosphate-chain operating rates constrain replacement,3.5,12,10.5,68,63.25,93.01,3,current Hormuz product/channel rows only,provisional,medium,Rubric score from panel text; no independent route-capacity model added in 4j7.4.,current_hormuz,data/derived/hormuz_kmz_3_country_product_disruption_estimates.csv | data/derived/hormuz_kmz_7_product_disruption_master_table_prelim.csv | data/derived/hormuz_f6r_1_importer_exposure_matrix.csv | data/derived/hormuz_f6r_5_replacement_demand_response.csv | data/derived/hormuz_s49_6_stockpile_buffer_duration.csv | https://www.iea.org/topics/the-middle-east-and-global-energy-markets | https://www.fertilizer.org/wp-content/uploads/2026/05/2026_IFA_Medium_Term_Outlook_Report_English.pdf | access_date=2026-07-06
current_hormuz_sulphur,Current Strait of Hormuz disruption,current_hormuz,sulphur,spare_capacity_buffer,spare_capacity_or_rerouting;replacement_or_demand_response, | F6R sulfur row characterizes replacement low/base/high as medium_low/medium/medium_high rather than tonnage; affected chains are China and Morocco phosphate producers plus broader acid/fertilizer users,3.5,10,8.75,68,63.25,93.01,3,current Hormuz product/channel rows only,provisional,medium,Qualitative inverse-buffer score from panel spare/rerouting and replacement-response fields.,current_hormuz,data/derived/hormuz_kmz_3_country_product_disruption_estimates.csv | data/derived/hormuz_kmz_7_product_disruption_master_table_prelim.csv | data/derived/hormuz_f6r_1_importer_exposure_matrix.csv | data/derived/hormuz_f6r_5_replacement_demand_response.csv | data/derived/hormuz_s49_6_stockpile_buffer_duration.csv | https://www.iea.org/topics/the-middle-east-and-global-energy-markets | https://www.fertilizer.org/wp-content/uploads/2026/05/2026_IFA_Medium_Term_Outlook_Report_English.pdf | access_date=2026-07-06
current_hormuz_sulphur,Current Strait of Hormuz disruption,current_hormuz,sulphur,inventory_cover,inventory_or_policy_buffer,No reliable public inventory series or strategic sulphur reserve; S49 flags this as high-confidence exposure but low-confidence buffer information,4,10,10,68,63.25,93.01,3,current Hormuz product/channel rows only,provisional,medium,Marked NA where the panel gives no inventory/stock-policy analogue for the route case.,current_hormuz,data/derived/hormuz_kmz_3_country_product_disruption_estimates.csv | data/derived/hormuz_kmz_7_product_disruption_master_table_prelim.csv | data/derived/hormuz_f6r_1_importer_exposure_matrix.csv | data/derived/hormuz_f6r_5_replacement_demand_response.csv | data/derived/hormuz_s49_6_stockpile_buffer_duration.csv | https://www.iea.org/topics/the-middle-east-and-global-energy-markets | https://www.fertilizer.org/wp-content/uploads/2026/05/2026_IFA_Medium_Term_Outlook_Report_English.pdf | access_date=2026-07-06
current_hormuz_sulphur,Current Strait of Hormuz disruption,current_hormuz,sulphur,strategic_response_offset,inventory_or_policy_buffer;replacement_or_demand_response,No reliable public inventory series or strategic sulphur reserve; S49 flags this as high-confidence exposure but low-confidence buffer information | F6R sulfur row characterizes replacement low/base/high as medium_low/medium/medium_high rather than tonnage; affected chains are China and Morocco phosphate producers plus broader acid/fertilizer users,3,8,6,68,63.25,93.01,3,current Hormuz product/channel rows only,provisional,medium,Qualitative inverse-offset score; lower score means emergency response materially reduced system severity.,current_hormuz,data/derived/hormuz_kmz_3_country_product_disruption_estimates.csv | data/derived/hormuz_kmz_7_product_disruption_master_table_prelim.csv | data/derived/hormuz_f6r_1_importer_exposure_matrix.csv | data/derived/hormuz_f6r_5_replacement_demand_response.csv | data/derived/hormuz_s49_6_stockpile_buffer_duration.csv | https://www.iea.org/topics/the-middle-east-and-global-energy-markets | https://www.fertilizer.org/wp-content/uploads/2026/05/2026_IFA_Medium_Term_Outlook_Report_English.pdf | access_date=2026-07-06
current_hormuz_sulphur,Current Strait of Hormuz disruption,current_hormuz,sulphur,real_price_response,peak_real_price_change_pct;price_or_cost_channel,peak_real_price_change_pct= | Sulphuric acid phosphate fertilizer refining and critical-mineral chemistry feedstock channel; price pressure transmits to MAP/DAP and crop-input costs,NA,12,NA,68,63.25,93.01,3,current Hormuz product/channel rows only,provisional,low,NA where 4j7.3 did not collect a clean attributable real price move.,current_hormuz,data/derived/hormuz_kmz_3_country_product_disruption_estimates.csv | data/derived/hormuz_kmz_7_product_disruption_master_table_prelim.csv | data/derived/hormuz_f6r_1_importer_exposure_matrix.csv | data/derived/hormuz_f6r_5_replacement_demand_response.csv | data/derived/hormuz_s49_6_stockpile_buffer_duration.csv | https://www.iea.org/topics/the-middle-east-and-global-energy-markets | https://www.fertilizer.org/wp-content/uploads/2026/05/2026_IFA_Medium_Term_Outlook_Report_English.pdf | access_date=2026-07-06
current_hormuz_sulphur,Current Strait of Hormuz disruption,current_hormuz,sulphur,duration_recovery_shape,duration_days;start_date;end_date,duration_days=; start=; end=,NA,6,NA,68,63.25,93.01,3,current Hormuz product/channel rows only,provisional,low,"Duration score uses panel event window, not necessarily full economic recovery.",current_hormuz,data/derived/hormuz_kmz_3_country_product_disruption_estimates.csv | data/derived/hormuz_kmz_7_product_disruption_master_table_prelim.csv | data/derived/hormuz_f6r_1_importer_exposure_matrix.csv | data/derived/hormuz_f6r_5_replacement_demand_response.csv | data/derived/hormuz_s49_6_stockpile_buffer_duration.csv | https://www.iea.org/topics/the-middle-east-and-global-energy-markets | https://www.fertilizer.org/wp-content/uploads/2026/05/2026_IFA_Medium_Term_Outlook_Report_English.pdf | access_date=2026-07-06
current_hormuz_sulphur,Current Strait of Hormuz disruption,current_hormuz,sulphur,geographic_concentration,commodity_scope;baseline_or_market_size;disrupted_share_pct,sulphur | About half of global seaborne sulphur trade moves through Hormuz; local Qatar UAE Saudi component baseline 8.623 Mt/year | about 50% of global seaborne sulphur trade exposed,4,5,5,68,63.25,93.01,3,current Hormuz product/channel rows only,provisional,medium,Qualitative score because the panel does not include HHI/top-five exposure fields for every case.,current_hormuz,data/derived/hormuz_kmz_3_country_product_disruption_estimates.csv | data/derived/hormuz_kmz_7_product_disruption_master_table_prelim.csv | data/derived/hormuz_f6r_1_importer_exposure_matrix.csv | data/derived/hormuz_f6r_5_replacement_demand_response.csv | data/derived/hormuz_s49_6_stockpile_buffer_duration.csv | https://www.iea.org/topics/the-middle-east-and-global-energy-markets | https://www.fertilizer.org/wp-content/uploads/2026/05/2026_IFA_Medium_Term_Outlook_Report_English.pdf | access_date=2026-07-06
current_hormuz_sulphur,Current Strait of Hormuz disruption,current_hormuz,sulphur,shipping_insurance_channel,price_or_cost_channel;route_substitution_constraint,Sulphuric acid phosphate fertilizer refining and critical-mineral chemistry feedstock channel; price pressure transmits to MAP/DAP and crop-input costs | Limited near-term substitute origin flexibility; Canada Kazakhstan and other non-Gulf sources can help but sour-gas/oil processing terminal stocks and phosphate-chain operating rates constrain replacement,4,5,5,68,63.25,93.01,3,current Hormuz product/channel rows only,provisional,medium,"Qualitative score for freight, war-risk, demurrage, vessel-days, and escort/security frictions in panel text.",current_hormuz,data/derived/hormuz_kmz_3_country_product_disruption_estimates.csv | data/derived/hormuz_kmz_7_product_disruption_master_table_prelim.csv | data/derived/hormuz_f6r_1_importer_exposure_matrix.csv | data/derived/hormuz_f6r_5_replacement_demand_response.csv | data/derived/hormuz_s49_6_stockpile_buffer_duration.csv | https://www.iea.org/topics/the-middle-east-and-global-energy-markets | https://www.fertilizer.org/wp-content/uploads/2026/05/2026_IFA_Medium_Term_Outlook_Report_English.pdf | access_date=2026-07-06
current_hormuz_fertilizer,Current Strait of Hormuz disruption,current_hormuz,urea/ammonia/fertilizer,realized_or_exposed_disruption_share,disrupted_share_pct;exposed_or_lost_flow;baseline_or_market_size,34% of global urea trade; 23% of ammonia trade; 18% of MAP/DAP trade exposed | exposed_or_lost_flow=16.839 | baseline=Upstream Hormuz countries account for 34% of global urea trade 23% of ammonia trade and 18% of MAP/DAP trade; local urea plus ammonia component baseline 16.839 Mt/year,4,18,18,68,59.5,87.5,4,current Hormuz product/channel rows only,provisional,medium,"Uses highest product trade share in panel: 34% urea trade exposed; ammonia/MAP-DAP shares are lower. Current Hormuz rows are exposure/scenario rows, not observed realized losses.",current_hormuz,data/derived/hormuz_kmz_3_country_product_disruption_estimates.csv | data/derived/hormuz_kmz_7_product_disruption_master_table_prelim.csv | data/derived/hormuz_f6r_1_importer_exposure_matrix.csv | data/derived/hormuz_f6r_5_replacement_demand_response.csv | data/derived/hormuz_s49_6_stockpile_buffer_duration.csv | data/derived/hormuz_l8m_6_sector_exposure_bands.csv | https://www.fertilizer.org/wp-content/uploads/2026/05/2026_IFA_Medium_Term_Outlook_Report_English.pdf | https://www.fao.org/director-general/speeches/details/180th-session-of-the-council--implications-for-world-food-security-and-agriculture-arising-from-disruptions-of-supply-chains-in-the-gulf-region--including-the-closure-of-key-maritime-routes--opening-statement/en | access_date=2026-07-06
current_hormuz_fertilizer,Current Strait of Hormuz disruption,current_hormuz,urea/ammonia/fertilizer,disruption_intensity,disrupted_share_pct;duration_days,share_for_score=34; duration_days=NA; pct_days=NA,NA,14,NA,68,59.5,87.5,4,current Hormuz product/channel rows only,provisional,low,Percent-days computed as scored share times duration_days; not computed when either field is missing.,current_hormuz,data/derived/hormuz_kmz_3_country_product_disruption_estimates.csv | data/derived/hormuz_kmz_7_product_disruption_master_table_prelim.csv | data/derived/hormuz_f6r_1_importer_exposure_matrix.csv | data/derived/hormuz_f6r_5_replacement_demand_response.csv | data/derived/hormuz_s49_6_stockpile_buffer_duration.csv | data/derived/hormuz_l8m_6_sector_exposure_bands.csv | https://www.fertilizer.org/wp-content/uploads/2026/05/2026_IFA_Medium_Term_Outlook_Report_English.pdf | https://www.fao.org/director-general/speeches/details/180th-session-of-the-council--implications-for-world-food-security-and-agriculture-arising-from-disruptions-of-supply-chains-in-the-gulf-region--including-the-closure-of-key-maritime-routes--opening-statement/en | access_date=2026-07-06
current_hormuz_fertilizer,Current Strait of Hormuz disruption,current_hormuz,urea/ammonia/fertilizer,route_substitution_constraint,route_substitution_constraint,Some cargo rerouting and land corridors exist but nitrogen fertilizer depends on Gulf gas/ammonia capacity and phosphate fertilizers also depend on sulphur and ammonia feedstocks; planting seasons make delays costly,3.5,12,10.5,68,59.5,87.5,4,current Hormuz product/channel rows only,provisional,medium,Rubric score from panel text; no independent route-capacity model added in 4j7.4.,current_hormuz,data/derived/hormuz_kmz_3_country_product_disruption_estimates.csv | data/derived/hormuz_kmz_7_product_disruption_master_table_prelim.csv | data/derived/hormuz_f6r_1_importer_exposure_matrix.csv | data/derived/hormuz_f6r_5_replacement_demand_response.csv | data/derived/hormuz_s49_6_stockpile_buffer_duration.csv | data/derived/hormuz_l8m_6_sector_exposure_bands.csv | https://www.fertilizer.org/wp-content/uploads/2026/05/2026_IFA_Medium_Term_Outlook_Report_English.pdf | https://www.fao.org/director-general/speeches/details/180th-session-of-the-council--implications-for-world-food-security-and-agriculture-arising-from-disruptions-of-supply-chains-in-the-gulf-region--including-the-closure-of-key-maritime-routes--opening-statement/en | access_date=2026-07-06
current_hormuz_fertilizer,Current Strait of Hormuz disruption,current_hormuz,urea/ammonia/fertilizer,spare_capacity_buffer,spare_capacity_or_rerouting;replacement_or_demand_response, | F6R fertilizer row rates replacement low/base/high as medium_low/medium/medium_high; demand response can mean delayed purchases or lower application rather than immediate consumption destruction,3.5,10,8.75,68,59.5,87.5,4,current Hormuz product/channel rows only,provisional,medium,Qualitative inverse-buffer score from panel spare/rerouting and replacement-response fields.,current_hormuz,data/derived/hormuz_kmz_3_country_product_disruption_estimates.csv | data/derived/hormuz_kmz_7_product_disruption_master_table_prelim.csv | data/derived/hormuz_f6r_1_importer_exposure_matrix.csv | data/derived/hormuz_f6r_5_replacement_demand_response.csv | data/derived/hormuz_s49_6_stockpile_buffer_duration.csv | data/derived/hormuz_l8m_6_sector_exposure_bands.csv | https://www.fertilizer.org/wp-content/uploads/2026/05/2026_IFA_Medium_Term_Outlook_Report_English.pdf | https://www.fao.org/director-general/speeches/details/180th-session-of-the-council--implications-for-world-food-security-and-agriculture-arising-from-disruptions-of-supply-chains-in-the-gulf-region--including-the-closure-of-key-maritime-routes--opening-statement/en | access_date=2026-07-06
current_hormuz_fertilizer,Current Strait of Hormuz disruption,current_hormuz,urea/ammonia/fertilizer,inventory_cover,inventory_or_policy_buffer,FAO/IFA evidence says no coordinated strategic fertilizer reserve; India has seasonal stock proxies such as about 41 days of urea and 67 days of DAP based on March 2026 parliamentary data,2.5,10,6.25,68,59.5,87.5,4,current Hormuz product/channel rows only,provisional,medium,Marked NA where the panel gives no inventory/stock-policy analogue for the route case.,current_hormuz,data/derived/hormuz_kmz_3_country_product_disruption_estimates.csv | data/derived/hormuz_kmz_7_product_disruption_master_table_prelim.csv | data/derived/hormuz_f6r_1_importer_exposure_matrix.csv | data/derived/hormuz_f6r_5_replacement_demand_response.csv | data/derived/hormuz_s49_6_stockpile_buffer_duration.csv | data/derived/hormuz_l8m_6_sector_exposure_bands.csv | https://www.fertilizer.org/wp-content/uploads/2026/05/2026_IFA_Medium_Term_Outlook_Report_English.pdf | https://www.fao.org/director-general/speeches/details/180th-session-of-the-council--implications-for-world-food-security-and-agriculture-arising-from-disruptions-of-supply-chains-in-the-gulf-region--including-the-closure-of-key-maritime-routes--opening-statement/en | access_date=2026-07-06
current_hormuz_fertilizer,Current Strait of Hormuz disruption,current_hormuz,urea/ammonia/fertilizer,strategic_response_offset,inventory_or_policy_buffer;replacement_or_demand_response,FAO/IFA evidence says no coordinated strategic fertilizer reserve; India has seasonal stock proxies such as about 41 days of urea and 67 days of DAP based on March 2026 parliamentary data | F6R fertilizer row rates replacement low/base/high as medium_low/medium/medium_high; demand response can mean delayed purchases or lower application rather than immediate consumption destruction,3,8,6,68,59.5,87.5,4,current Hormuz product/channel rows only,provisional,medium,Qualitative inverse-offset score; lower score means emergency response materially reduced system severity.,current_hormuz,data/derived/hormuz_kmz_3_country_product_disruption_estimates.csv | data/derived/hormuz_kmz_7_product_disruption_master_table_prelim.csv | data/derived/hormuz_f6r_1_importer_exposure_matrix.csv | data/derived/hormuz_f6r_5_replacement_demand_response.csv | data/derived/hormuz_s49_6_stockpile_buffer_duration.csv | data/derived/hormuz_l8m_6_sector_exposure_bands.csv | https://www.fertilizer.org/wp-content/uploads/2026/05/2026_IFA_Medium_Term_Outlook_Report_English.pdf | https://www.fao.org/director-general/speeches/details/180th-session-of-the-council--implications-for-world-food-security-and-agriculture-arising-from-disruptions-of-supply-chains-in-the-gulf-region--including-the-closure-of-key-maritime-routes--opening-statement/en | access_date=2026-07-06
current_hormuz_fertilizer,Current Strait of Hormuz disruption,current_hormuz,urea/ammonia/fertilizer,real_price_response,peak_real_price_change_pct;price_or_cost_channel,peak_real_price_change_pct= | Food-cost channel via nitrogen and phosphate fertilizers; downstream agriculture and food manufacturing exposure appears in L8M Food tier-2 input/freight band,NA,12,NA,68,59.5,87.5,4,current Hormuz product/channel rows only,provisional,low,NA where 4j7.3 did not collect a clean attributable real price move.,current_hormuz,data/derived/hormuz_kmz_3_country_product_disruption_estimates.csv | data/derived/hormuz_kmz_7_product_disruption_master_table_prelim.csv | data/derived/hormuz_f6r_1_importer_exposure_matrix.csv | data/derived/hormuz_f6r_5_replacement_demand_response.csv | data/derived/hormuz_s49_6_stockpile_buffer_duration.csv | data/derived/hormuz_l8m_6_sector_exposure_bands.csv | https://www.fertilizer.org/wp-content/uploads/2026/05/2026_IFA_Medium_Term_Outlook_Report_English.pdf | https://www.fao.org/director-general/speeches/details/180th-session-of-the-council--implications-for-world-food-security-and-agriculture-arising-from-disruptions-of-supply-chains-in-the-gulf-region--including-the-closure-of-key-maritime-routes--opening-statement/en | access_date=2026-07-06
current_hormuz_fertilizer,Current Strait of Hormuz disruption,current_hormuz,urea/ammonia/fertilizer,duration_recovery_shape,duration_days;start_date;end_date,duration_days=; start=; end=,NA,6,NA,68,59.5,87.5,4,current Hormuz product/channel rows only,provisional,low,"Duration score uses panel event window, not necessarily full economic recovery.",current_hormuz,data/derived/hormuz_kmz_3_country_product_disruption_estimates.csv | data/derived/hormuz_kmz_7_product_disruption_master_table_prelim.csv | data/derived/hormuz_f6r_1_importer_exposure_matrix.csv | data/derived/hormuz_f6r_5_replacement_demand_response.csv | data/derived/hormuz_s49_6_stockpile_buffer_duration.csv | data/derived/hormuz_l8m_6_sector_exposure_bands.csv | https://www.fertilizer.org/wp-content/uploads/2026/05/2026_IFA_Medium_Term_Outlook_Report_English.pdf | https://www.fao.org/director-general/speeches/details/180th-session-of-the-council--implications-for-world-food-security-and-agriculture-arising-from-disruptions-of-supply-chains-in-the-gulf-region--including-the-closure-of-key-maritime-routes--opening-statement/en | access_date=2026-07-06
current_hormuz_fertilizer,Current Strait of Hormuz disruption,current_hormuz,urea/ammonia/fertilizer,geographic_concentration,commodity_scope;baseline_or_market_size;disrupted_share_pct,urea/ammonia/fertilizer | Upstream Hormuz countries account for 34% of global urea trade 23% of ammonia trade and 18% of MAP/DAP trade; local urea plus ammonia component baseline 16.839 Mt/year | 34% of global urea trade; 23% of ammonia trade; 18% of MAP/DAP trade exposed,4,5,5,68,59.5,87.5,4,current Hormuz product/channel rows only,provisional,medium,Qualitative score because the panel does not include HHI/top-five exposure fields for every case.,current_hormuz,data/derived/hormuz_kmz_3_country_product_disruption_estimates.csv | data/derived/hormuz_kmz_7_product_disruption_master_table_prelim.csv | data/derived/hormuz_f6r_1_importer_exposure_matrix.csv | data/derived/hormuz_f6r_5_replacement_demand_response.csv | data/derived/hormuz_s49_6_stockpile_buffer_duration.csv | data/derived/hormuz_l8m_6_sector_exposure_bands.csv | https://www.fertilizer.org/wp-content/uploads/2026/05/2026_IFA_Medium_Term_Outlook_Report_English.pdf | https://www.fao.org/director-general/speeches/details/180th-session-of-the-council--implications-for-world-food-security-and-agriculture-arising-from-disruptions-of-supply-chains-in-the-gulf-region--including-the-closure-of-key-maritime-routes--opening-statement/en | access_date=2026-07-06
current_hormuz_fertilizer,Current Strait of Hormuz disruption,current_hormuz,urea/ammonia/fertilizer,shipping_insurance_channel,price_or_cost_channel;route_substitution_constraint,Food-cost channel via nitrogen and phosphate fertilizers; downstream agriculture and food manufacturing exposure appears in L8M Food tier-2 input/freight band | Some cargo rerouting and land corridors exist but nitrogen fertilizer depends on Gulf gas/ammonia capacity and phosphate fertilizers also depend on sulphur and ammonia feedstocks; planting seasons make delays costly,4,5,5,68,59.5,87.5,4,current Hormuz product/channel rows only,provisional,medium,"Qualitative score for freight, war-risk, demurrage, vessel-days, and escort/security frictions in panel text.",current_hormuz,data/derived/hormuz_kmz_3_country_product_disruption_estimates.csv | data/derived/hormuz_kmz_7_product_disruption_master_table_prelim.csv | data/derived/hormuz_f6r_1_importer_exposure_matrix.csv | data/derived/hormuz_f6r_5_replacement_demand_response.csv | data/derived/hormuz_s49_6_stockpile_buffer_duration.csv | data/derived/hormuz_l8m_6_sector_exposure_bands.csv | https://www.fertilizer.org/wp-content/uploads/2026/05/2026_IFA_Medium_Term_Outlook_Report_English.pdf | https://www.fao.org/director-general/speeches/details/180th-session-of-the-council--implications-for-world-food-security-and-agriculture-arising-from-disruptions-of-supply-chains-in-the-gulf-region--including-the-closure-of-key-maritime-routes--opening-statement/en | access_date=2026-07-06
current_hormuz_aluminium,Current Strait of Hormuz disruption,current_hormuz,aluminium,realized_or_exposed_disruption_share,disrupted_share_pct;exposed_or_lost_flow;baseline_or_market_size,about 8% of global aluminium supply exposed | exposed_or_lost_flow=5.000 | baseline=About 5 Mt/year shipped through Hormuz; Gulf producers about 8% of global aluminium supply; local Bahrain component baseline 0.968 Mt/year,3,18,13.5,68,50.12,73.71,9,current Hormuz product/channel rows only,provisional,medium,"Panel states about 8% of global aluminium supply exposed. Current Hormuz rows are exposure/scenario rows, not observed realized losses.",current_hormuz,data/derived/hormuz_kmz_3_country_product_disruption_estimates.csv | data/derived/hormuz_kmz_7_product_disruption_master_table_prelim.csv | data/derived/hormuz_f6r_1_importer_exposure_matrix.csv | data/derived/hormuz_f6r_5_replacement_demand_response.csv | data/derived/hormuz_l8m_6_sector_exposure_bands.csv | https://www.iea.org/topics/the-middle-east-and-global-energy-markets | access_date=2026-07-06
current_hormuz_aluminium,Current Strait of Hormuz disruption,current_hormuz,aluminium,disruption_intensity,disrupted_share_pct;duration_days,share_for_score=8; duration_days=NA; pct_days=NA,NA,14,NA,68,50.12,73.71,9,current Hormuz product/channel rows only,provisional,low,Percent-days computed as scored share times duration_days; not computed when either field is missing.,current_hormuz,data/derived/hormuz_kmz_3_country_product_disruption_estimates.csv | data/derived/hormuz_kmz_7_product_disruption_master_table_prelim.csv | data/derived/hormuz_f6r_1_importer_exposure_matrix.csv | data/derived/hormuz_f6r_5_replacement_demand_response.csv | data/derived/hormuz_l8m_6_sector_exposure_bands.csv | https://www.iea.org/topics/the-middle-east-and-global-energy-markets | access_date=2026-07-06
current_hormuz_aluminium,Current Strait of Hormuz disruption,current_hormuz,aluminium,route_substitution_constraint,route_substitution_constraint,Route alternatives are not yet reconciled for all Gulf smelters; Bahrain is a clean Hormuz-dependent flow while UAE/Qatar/Saudi route shares need stronger confirmation,2.5,12,7.5,68,50.12,73.71,9,current Hormuz product/channel rows only,provisional,medium,Rubric score from panel text; no independent route-capacity model added in 4j7.4.,current_hormuz,data/derived/hormuz_kmz_3_country_product_disruption_estimates.csv | data/derived/hormuz_kmz_7_product_disruption_master_table_prelim.csv | data/derived/hormuz_f6r_1_importer_exposure_matrix.csv | data/derived/hormuz_f6r_5_replacement_demand_response.csv | data/derived/hormuz_l8m_6_sector_exposure_bands.csv | https://www.iea.org/topics/the-middle-east-and-global-energy-markets | access_date=2026-07-06
current_hormuz_aluminium,Current Strait of Hormuz disruption,current_hormuz,aluminium,spare_capacity_buffer,spare_capacity_or_rerouting;replacement_or_demand_response," | F6R aluminium row rates replacement low/base/high as medium_low/medium/medium_high rather than tonnage; likely adjustment is delayed shipments, substitution from non-Gulf metal, and demand rationing",3,10,7.5,68,50.12,73.71,9,current Hormuz product/channel rows only,provisional,medium,Qualitative inverse-buffer score from panel spare/rerouting and replacement-response fields.,current_hormuz,data/derived/hormuz_kmz_3_country_product_disruption_estimates.csv | data/derived/hormuz_kmz_7_product_disruption_master_table_prelim.csv | data/derived/hormuz_f6r_1_importer_exposure_matrix.csv | data/derived/hormuz_f6r_5_replacement_demand_response.csv | data/derived/hormuz_l8m_6_sector_exposure_bands.csv | https://www.iea.org/topics/the-middle-east-and-global-energy-markets | access_date=2026-07-06
current_hormuz_aluminium,Current Strait of Hormuz disruption,current_hormuz,aluminium,inventory_cover,inventory_or_policy_buffer,No strategic aluminium stockpile row in local buffer table; production offset is slower and depends on power alumina smelter capacity and downstream demand,3.5,10,8.75,68,50.12,73.71,9,current Hormuz product/channel rows only,provisional,medium,Marked NA where the panel gives no inventory/stock-policy analogue for the route case.,current_hormuz,data/derived/hormuz_kmz_3_country_product_disruption_estimates.csv | data/derived/hormuz_kmz_7_product_disruption_master_table_prelim.csv | data/derived/hormuz_f6r_1_importer_exposure_matrix.csv | data/derived/hormuz_f6r_5_replacement_demand_response.csv | data/derived/hormuz_l8m_6_sector_exposure_bands.csv | https://www.iea.org/topics/the-middle-east-and-global-energy-markets | access_date=2026-07-06
current_hormuz_aluminium,Current Strait of Hormuz disruption,current_hormuz,aluminium,strategic_response_offset,inventory_or_policy_buffer;replacement_or_demand_response,"No strategic aluminium stockpile row in local buffer table; production offset is slower and depends on power alumina smelter capacity and downstream demand | F6R aluminium row rates replacement low/base/high as medium_low/medium/medium_high rather than tonnage; likely adjustment is delayed shipments, substitution from non-Gulf metal, and demand rationing",3,8,6,68,50.12,73.71,9,current Hormuz product/channel rows only,provisional,medium,Qualitative inverse-offset score; lower score means emergency response materially reduced system severity.,current_hormuz,data/derived/hormuz_kmz_3_country_product_disruption_estimates.csv | data/derived/hormuz_kmz_7_product_disruption_master_table_prelim.csv | data/derived/hormuz_f6r_1_importer_exposure_matrix.csv | data/derived/hormuz_f6r_5_replacement_demand_response.csv | data/derived/hormuz_l8m_6_sector_exposure_bands.csv | https://www.iea.org/topics/the-middle-east-and-global-energy-markets | access_date=2026-07-06
current_hormuz_aluminium,Current Strait of Hormuz disruption,current_hormuz,aluminium,real_price_response,peak_real_price_change_pct;price_or_cost_channel,peak_real_price_change_pct= | Primary metals input-cost channel; L8M primary metals row estimates U.S. direct energy added-cost sensitivity of 0.866/2.475/5.940 billion dollars under low/base/high shocks,NA,12,NA,68,50.12,73.71,9,current Hormuz product/channel rows only,provisional,low,NA where 4j7.3 did not collect a clean attributable real price move.,current_hormuz,data/derived/hormuz_kmz_3_country_product_disruption_estimates.csv | data/derived/hormuz_kmz_7_product_disruption_master_table_prelim.csv | data/derived/hormuz_f6r_1_importer_exposure_matrix.csv | data/derived/hormuz_f6r_5_replacement_demand_response.csv | data/derived/hormuz_l8m_6_sector_exposure_bands.csv | https://www.iea.org/topics/the-middle-east-and-global-energy-markets | access_date=2026-07-06
current_hormuz_aluminium,Current Strait of Hormuz disruption,current_hormuz,aluminium,duration_recovery_shape,duration_days;start_date;end_date,duration_days=; start=; end=,NA,6,NA,68,50.12,73.71,9,current Hormuz product/channel rows only,provisional,low,"Duration score uses panel event window, not necessarily full economic recovery.",current_hormuz,data/derived/hormuz_kmz_3_country_product_disruption_estimates.csv | data/derived/hormuz_kmz_7_product_disruption_master_table_prelim.csv | data/derived/hormuz_f6r_1_importer_exposure_matrix.csv | data/derived/hormuz_f6r_5_replacement_demand_response.csv | data/derived/hormuz_l8m_6_sector_exposure_bands.csv | https://www.iea.org/topics/the-middle-east-and-global-energy-markets | access_date=2026-07-06
current_hormuz_aluminium,Current Strait of Hormuz disruption,current_hormuz,aluminium,geographic_concentration,commodity_scope;baseline_or_market_size;disrupted_share_pct,aluminium | About 5 Mt/year shipped through Hormuz; Gulf producers about 8% of global aluminium supply; local Bahrain component baseline 0.968 Mt/year | about 8% of global aluminium supply exposed,2.5,5,3.12,68,50.12,73.71,9,current Hormuz product/channel rows only,provisional,medium,Qualitative score because the panel does not include HHI/top-five exposure fields for every case.,current_hormuz,data/derived/hormuz_kmz_3_country_product_disruption_estimates.csv | data/derived/hormuz_kmz_7_product_disruption_master_table_prelim.csv | data/derived/hormuz_f6r_1_importer_exposure_matrix.csv | data/derived/hormuz_f6r_5_replacement_demand_response.csv | data/derived/hormuz_l8m_6_sector_exposure_bands.csv | https://www.iea.org/topics/the-middle-east-and-global-energy-markets | access_date=2026-07-06
current_hormuz_aluminium,Current Strait of Hormuz disruption,current_hormuz,aluminium,shipping_insurance_channel,price_or_cost_channel;route_substitution_constraint,Primary metals input-cost channel; L8M primary metals row estimates U.S. direct energy added-cost sensitivity of 0.866/2.475/5.940 billion dollars under low/base/high shocks | Route alternatives are not yet reconciled for all Gulf smelters; Bahrain is a clean Hormuz-dependent flow while UAE/Qatar/Saudi route shares need stronger confirmation,3,5,3.75,68,50.12,73.71,9,current Hormuz product/channel rows only,provisional,medium,"Qualitative score for freight, war-risk, demurrage, vessel-days, and escort/security frictions in panel text.",current_hormuz,data/derived/hormuz_kmz_3_country_product_disruption_estimates.csv | data/derived/hormuz_kmz_7_product_disruption_master_table_prelim.csv | data/derived/hormuz_f6r_1_importer_exposure_matrix.csv | data/derived/hormuz_f6r_5_replacement_demand_response.csv | data/derived/hormuz_l8m_6_sector_exposure_bands.csv | https://www.iea.org/topics/the-middle-east-and-global-energy-markets | access_date=2026-07-06
current_hormuz_shipping_insurance,Current Strait of Hormuz disruption,current_hormuz,shipping/insurance,realized_or_exposed_disruption_share,disrupted_share_pct;exposed_or_lost_flow;baseline_or_market_size,war-risk premium roughly 8x-30x normal in cited periods; applies across affected cargoes | exposed_or_lost_flow=not_applicable | baseline=0.10-0.15% hull value pre-war additional war-risk premium benchmark; broader baseline is all Hormuz-linked vessel traffic,NA,18,NA,40,33.38,83.44,5,current Hormuz product/channel rows only,provisional,low,"Insurance row is a cost-channel scenario, not a physical flow-share row.",current_hormuz,data/derived/hormuz_kmz_7_product_disruption_master_table_prelim.csv | data/derived/hormuz_2y7_public_daily_tracker.csv | issues/done/hormuz-kmz.5-quantify-freight-insurance-and-war-risk-disruption.md | https://www.spglobal.com/energy/en/news-research/latest-news/shipping/033026-war-risk-insurance-cost-off-highs-but-still-elevated-in-persian-gulf | https://www.eia.gov/todayinenergy/detail.php?id=67386 | https://journalrecord.com/2026/03/04/middle-east-oil-lng-shipping-costs-strait-hormuz/ | https://www.marinelink.com/news/gulf-tanker-rates-nearly-double-middle-540569 | https://www.centcom.mil/MEDIA/PUBLIC-RELEASES/Article/4522490/commercial-vessels-flow-through-open-strait-of-hormuz/ | access_date=2026-07-06
current_hormuz_shipping_insurance,Current Strait of Hormuz disruption,current_hormuz,shipping/insurance,disruption_intensity,disrupted_share_pct;duration_days,share_for_score=NA; duration_days=NA; pct_days=NA,NA,14,NA,40,33.38,83.44,5,current Hormuz product/channel rows only,provisional,low,Insurance scenario has no physical duration or percent-day metric in the panel.,current_hormuz,data/derived/hormuz_kmz_7_product_disruption_master_table_prelim.csv | data/derived/hormuz_2y7_public_daily_tracker.csv | issues/done/hormuz-kmz.5-quantify-freight-insurance-and-war-risk-disruption.md | https://www.spglobal.com/energy/en/news-research/latest-news/shipping/033026-war-risk-insurance-cost-off-highs-but-still-elevated-in-persian-gulf | https://www.eia.gov/todayinenergy/detail.php?id=67386 | https://journalrecord.com/2026/03/04/middle-east-oil-lng-shipping-costs-strait-hormuz/ | https://www.marinelink.com/news/gulf-tanker-rates-nearly-double-middle-540569 | https://www.centcom.mil/MEDIA/PUBLIC-RELEASES/Article/4522490/commercial-vessels-flow-through-open-strait-of-hormuz/ | access_date=2026-07-06
current_hormuz_shipping_insurance,Current Strait of Hormuz disruption,current_hormuz,shipping/insurance,route_substitution_constraint,route_substitution_constraint,Not a physical substitute-flow row; route avoidance increases voyage days and fleet requirements while insurance availability and charter willingness can bind even when cargo exists,3.5,12,10.5,40,33.38,83.44,5,current Hormuz product/channel rows only,provisional,medium_high,Rubric score from panel text; no independent route-capacity model added in 4j7.4.,current_hormuz,data/derived/hormuz_kmz_7_product_disruption_master_table_prelim.csv | data/derived/hormuz_2y7_public_daily_tracker.csv | issues/done/hormuz-kmz.5-quantify-freight-insurance-and-war-risk-disruption.md | https://www.spglobal.com/energy/en/news-research/latest-news/shipping/033026-war-risk-insurance-cost-off-highs-but-still-elevated-in-persian-gulf | https://www.eia.gov/todayinenergy/detail.php?id=67386 | https://journalrecord.com/2026/03/04/middle-east-oil-lng-shipping-costs-strait-hormuz/ | https://www.marinelink.com/news/gulf-tanker-rates-nearly-double-middle-540569 | https://www.centcom.mil/MEDIA/PUBLIC-RELEASES/Article/4522490/commercial-vessels-flow-through-open-strait-of-hormuz/ | access_date=2026-07-06
current_hormuz_shipping_insurance,Current Strait of Hormuz disruption,current_hormuz,shipping/insurance,spare_capacity_buffer,spare_capacity_or_rerouting;replacement_or_demand_response," | Demand response is indirect: cargo deferral, slower voyages, route changes, smaller spot participation, and higher delivered-cost pass-through",3,10,7.5,40,33.38,83.44,5,current Hormuz product/channel rows only,provisional,medium_high,Qualitative inverse-buffer score from panel spare/rerouting and replacement-response fields.,current_hormuz,data/derived/hormuz_kmz_7_product_disruption_master_table_prelim.csv | data/derived/hormuz_2y7_public_daily_tracker.csv | issues/done/hormuz-kmz.5-quantify-freight-insurance-and-war-risk-disruption.md | https://www.spglobal.com/energy/en/news-research/latest-news/shipping/033026-war-risk-insurance-cost-off-highs-but-still-elevated-in-persian-gulf | https://www.eia.gov/todayinenergy/detail.php?id=67386 | https://journalrecord.com/2026/03/04/middle-east-oil-lng-shipping-costs-strait-hormuz/ | https://www.marinelink.com/news/gulf-tanker-rates-nearly-double-middle-540569 | https://www.centcom.mil/MEDIA/PUBLIC-RELEASES/Article/4522490/commercial-vessels-flow-through-open-strait-of-hormuz/ | access_date=2026-07-06
current_hormuz_shipping_insurance,Current Strait of Hormuz disruption,current_hormuz,shipping/insurance,inventory_cover,inventory_or_policy_buffer,Strategic commodity stocks reduce urgency for some cargoes but do not directly offset vessel-day losses or insurance premia,NA,10,NA,40,33.38,83.44,5,current Hormuz product/channel rows only,provisional,low,Marked NA where the panel gives no inventory/stock-policy analogue for the route case.,current_hormuz,data/derived/hormuz_kmz_7_product_disruption_master_table_prelim.csv | data/derived/hormuz_2y7_public_daily_tracker.csv | issues/done/hormuz-kmz.5-quantify-freight-insurance-and-war-risk-disruption.md | https://www.spglobal.com/energy/en/news-research/latest-news/shipping/033026-war-risk-insurance-cost-off-highs-but-still-elevated-in-persian-gulf | https://www.eia.gov/todayinenergy/detail.php?id=67386 | https://journalrecord.com/2026/03/04/middle-east-oil-lng-shipping-costs-strait-hormuz/ | https://www.marinelink.com/news/gulf-tanker-rates-nearly-double-middle-540569 | https://www.centcom.mil/MEDIA/PUBLIC-RELEASES/Article/4522490/commercial-vessels-flow-through-open-strait-of-hormuz/ | access_date=2026-07-06
current_hormuz_shipping_insurance,Current Strait of Hormuz disruption,current_hormuz,shipping/insurance,strategic_response_offset,inventory_or_policy_buffer;replacement_or_demand_response,"Strategic commodity stocks reduce urgency for some cargoes but do not directly offset vessel-day losses or insurance premia | Demand response is indirect: cargo deferral, slower voyages, route changes, smaller spot participation, and higher delivered-cost pass-through",3,8,6,40,33.38,83.44,5,current Hormuz product/channel rows only,provisional,medium_high,Qualitative inverse-offset score; lower score means emergency response materially reduced system severity.,current_hormuz,data/derived/hormuz_kmz_7_product_disruption_master_table_prelim.csv | data/derived/hormuz_2y7_public_daily_tracker.csv | issues/done/hormuz-kmz.5-quantify-freight-insurance-and-war-risk-disruption.md | https://www.spglobal.com/energy/en/news-research/latest-news/shipping/033026-war-risk-insurance-cost-off-highs-but-still-elevated-in-persian-gulf | https://www.eia.gov/todayinenergy/detail.php?id=67386 | https://journalrecord.com/2026/03/04/middle-east-oil-lng-shipping-costs-strait-hormuz/ | https://www.marinelink.com/news/gulf-tanker-rates-nearly-double-middle-540569 | https://www.centcom.mil/MEDIA/PUBLIC-RELEASES/Article/4522490/commercial-vessels-flow-through-open-strait-of-hormuz/ | access_date=2026-07-06
current_hormuz_shipping_insurance,Current Strait of Hormuz disruption,current_hormuz,shipping/insurance,real_price_response,peak_real_price_change_pct;price_or_cost_channel,peak_real_price_change_pct= | War-risk premiums freight demurrage security escorts and rerouting costs multiply oil LNG LPG fertilizer metals and container/bulk channels,NA,12,NA,40,33.38,83.44,5,current Hormuz product/channel rows only,provisional,low,NA where 4j7.3 did not collect a clean attributable real price move.,current_hormuz,data/derived/hormuz_kmz_7_product_disruption_master_table_prelim.csv | data/derived/hormuz_2y7_public_daily_tracker.csv | issues/done/hormuz-kmz.5-quantify-freight-insurance-and-war-risk-disruption.md | https://www.spglobal.com/energy/en/news-research/latest-news/shipping/033026-war-risk-insurance-cost-off-highs-but-still-elevated-in-persian-gulf | https://www.eia.gov/todayinenergy/detail.php?id=67386 | https://journalrecord.com/2026/03/04/middle-east-oil-lng-shipping-costs-strait-hormuz/ | https://www.marinelink.com/news/gulf-tanker-rates-nearly-double-middle-540569 | https://www.centcom.mil/MEDIA/PUBLIC-RELEASES/Article/4522490/commercial-vessels-flow-through-open-strait-of-hormuz/ | access_date=2026-07-06
current_hormuz_shipping_insurance,Current Strait of Hormuz disruption,current_hormuz,shipping/insurance,duration_recovery_shape,duration_days;start_date;end_date,duration_days=; start=; end=,NA,6,NA,40,33.38,83.44,5,current Hormuz product/channel rows only,provisional,low,"Duration score uses panel event window, not necessarily full economic recovery.",current_hormuz,data/derived/hormuz_kmz_7_product_disruption_master_table_prelim.csv | data/derived/hormuz_2y7_public_daily_tracker.csv | issues/done/hormuz-kmz.5-quantify-freight-insurance-and-war-risk-disruption.md | https://www.spglobal.com/energy/en/news-research/latest-news/shipping/033026-war-risk-insurance-cost-off-highs-but-still-elevated-in-persian-gulf | https://www.eia.gov/todayinenergy/detail.php?id=67386 | https://journalrecord.com/2026/03/04/middle-east-oil-lng-shipping-costs-strait-hormuz/ | https://www.marinelink.com/news/gulf-tanker-rates-nearly-double-middle-540569 | https://www.centcom.mil/MEDIA/PUBLIC-RELEASES/Article/4522490/commercial-vessels-flow-through-open-strait-of-hormuz/ | access_date=2026-07-06
current_hormuz_shipping_insurance,Current Strait of Hormuz disruption,current_hormuz,shipping/insurance,geographic_concentration,commodity_scope;baseline_or_market_size;disrupted_share_pct,shipping/insurance | 0.10-0.15% hull value pre-war additional war-risk premium benchmark; broader baseline is all Hormuz-linked vessel traffic | war-risk premium roughly 8x-30x normal in cited periods; applies across affected cargoes,3.5,5,4.38,40,33.38,83.44,5,current Hormuz product/channel rows only,provisional,medium_high,Qualitative score because the panel does not include HHI/top-five exposure fields for every case.,current_hormuz,data/derived/hormuz_kmz_7_product_disruption_master_table_prelim.csv | data/derived/hormuz_2y7_public_daily_tracker.csv | issues/done/hormuz-kmz.5-quantify-freight-insurance-and-war-risk-disruption.md | https://www.spglobal.com/energy/en/news-research/latest-news/shipping/033026-war-risk-insurance-cost-off-highs-but-still-elevated-in-persian-gulf | https://www.eia.gov/todayinenergy/detail.php?id=67386 | https://journalrecord.com/2026/03/04/middle-east-oil-lng-shipping-costs-strait-hormuz/ | https://www.marinelink.com/news/gulf-tanker-rates-nearly-double-middle-540569 | https://www.centcom.mil/MEDIA/PUBLIC-RELEASES/Article/4522490/commercial-vessels-flow-through-open-strait-of-hormuz/ | access_date=2026-07-06
current_hormuz_shipping_insurance,Current Strait of Hormuz disruption,current_hormuz,shipping/insurance,shipping_insurance_channel,price_or_cost_channel;route_substitution_constraint,War-risk premiums freight demurrage security escorts and rerouting costs multiply oil LNG LPG fertilizer metals and container/bulk channels | Not a physical substitute-flow row; route avoidance increases voyage days and fleet requirements while insurance availability and charter willingness can bind even when cargo exists,4,5,5,40,33.38,83.44,5,current Hormuz product/channel rows only,provisional,medium_high,"Qualitative score for freight, war-risk, demurrage, vessel-days, and escort/security frictions in panel text.",current_hormuz,data/derived/hormuz_kmz_7_product_disruption_master_table_prelim.csv | data/derived/hormuz_2y7_public_daily_tracker.csv | issues/done/hormuz-kmz.5-quantify-freight-insurance-and-war-risk-disruption.md | https://www.spglobal.com/energy/en/news-research/latest-news/shipping/033026-war-risk-insurance-cost-off-highs-but-still-elevated-in-persian-gulf | https://www.eia.gov/todayinenergy/detail.php?id=67386 | https://journalrecord.com/2026/03/04/middle-east-oil-lng-shipping-costs-strait-hormuz/ | https://www.marinelink.com/news/gulf-tanker-rates-nearly-double-middle-540569 | https://www.centcom.mil/MEDIA/PUBLIC-RELEASES/Article/4522490/commercial-vessels-flow-through-open-strait-of-hormuz/ | access_date=2026-07-06
