case_id,case_name,case_group,commodity_scope,start_date,end_date,duration_days,baseline_or_market_size,exposed_or_lost_flow,low_disrupted_flow,base_disrupted_flow,high_disrupted_flow,unit,disrupted_share_pct,route_substitution_constraint,spare_capacity_or_rerouting,inventory_or_policy_buffer,replacement_or_demand_response,price_or_cost_channel,peak_real_price_change_pct,confidence,source_urls,caveats,source_slice
historical-1973-oil-embargo,1973-74 Arab oil embargo,primary_oil_shock,crude oil and petroleum products,1973-10-17,1974-03-18,152,Approx. 52.8 mb/d world oil-consumption equivalent in 1973 from Energy Institute/OWID oil consumption converted at 620 TWh per 1 mb/d-year; total-liquids denominator would be somewhat higher.,4.3,,,,mb/d gross peak supply loss,8.1,"Embargo/allocation shock rather than a physical chokepoint closure; substitution depended on non-OAPEC supply and reallocation, not route bypass.",Low practical buffer for targeted importers; U.S. spare capacity had diminished and OAPEC spare barrels were politically withheld.,"No IEA collective stockdraw system yet; response relied on allocation controls, speed limits, conservation, and later creation of emergency-stock institutions.",,,360.9,medium,https://energy.gov/sites/prod/files/2013/09/f3/IEA%20Response%20System%20for%20Oil%20Supply%20Emergencies%202012.pdf (accessed 2026-07-06); https://history.state.gov/milestones/1969-1976/oil-embargo (accessed 2026-07-06); https://www.federalreservehistory.org/essays/oil-shock-of-1973-74 (accessed 2026-07-06); https://www.worldbank.org/en/research/commodity-markets (accessed 2026-07-06); https://fred.stlouisfed.org/series/CPIAUCSL (accessed 2026-07-06); https://ourworldindata.org/grapher/oil-consumption-by-country (accessed 2026-07-06),"Price change is World Bank monthly crude-oil average deflated with FRED CPI, peak during event window vs prior-3-month average; pre-1980 benchmark is less comparable than Brent/WTI era. Denominator is oil-consumption equivalent, not a fully harmonized total-liquids balance.",oil_shock
historical-1978-iranian-revolution,1978-79 Iranian Revolution,primary_oil_shock,crude oil,1978-11-01,1979-04-30,180,Approx. 60.0 mb/d world oil-consumption equivalent in 1979 from Energy Institute/OWID conversion; acute Iranian output loss occurred before full 1979-80 price shock peak.,5.6,,,,mb/d gross peak supply loss,9.3,"Producer-regime-collapse outage; no route closure, but Iranian crude quality and contract replacement constraints mattered.","Partial offset from other producers, especially Saudi/OPEC, but tight demand, precautionary stockbuilding, and quality/location constraints limited effective buffer.",IEA existed but no comparable collective emergency release; private and government stockbuilding amplified the market squeeze rather than buffering it cleanly.,,,64.8,medium,https://energy.gov/sites/prod/files/2013/09/f3/IEA%20Response%20System%20for%20Oil%20Supply%20Emergencies%202012.pdf (accessed 2026-07-06); https://www.eia.gov/todayinenergy/detail.php?id=730 (accessed 2026-07-06); https://www.federalreservehistory.org/essays/oil-shock-of-1978-79 (accessed 2026-07-06); https://www.worldbank.org/en/research/commodity-markets (accessed 2026-07-06); https://fred.stlouisfed.org/series/CPIAUCSL (accessed 2026-07-06); https://ourworldindata.org/grapher/oil-consumption-by-country (accessed 2026-07-06),"Price column covers Nov. 1978-Apr. 1979 acute window; Fed History notes prices more than doubled from Apr. 1979 to Apr. 1980, so this row understates the full second-oil-shock price episode.",oil_shock
historical-1980-iran-iraq-war,1980 Iran-Iraq War outbreak,primary_oil_shock,crude oil,1980-09-22,1981-01-31,131,Approx. 57.4 mb/d world oil-consumption equivalent in 1980 from Energy Institute/OWID conversion; global demand was already weakening after the 1979 shock.,4.1,,,,mb/d gross peak supply loss,7.1,"Regional war damaged export infrastructure and raised Gulf shipping risk; Strait did not fully close, so substitution was supply/terminal replacement more than route bypass.","Some OPEC replacement supply was available, but the outage hit two Gulf producers soon after the Iranian Revolution and usable spare capacity was politically and logistically constrained.",IEA emergency system existed but no clear collective stock release for this episode in the source set; high prices and recession/demand destruction became a major adjustment channel.,,,16.2,medium,https://energy.gov/sites/prod/files/2013/09/f3/IEA%20Response%20System%20for%20Oil%20Supply%20Emergencies%202012.pdf (accessed 2026-07-06); https://www.eia.gov/todayinenergy/detail.php?id=730 (accessed 2026-07-06); https://www.worldbank.org/en/research/commodity-markets (accessed 2026-07-06); https://fred.stlouisfed.org/series/CPIAUCSL (accessed 2026-07-06); https://ourworldindata.org/grapher/oil-consumption-by-country (accessed 2026-07-06),Measured price rise is small because oil prices were already extremely elevated before the war outbreak. Treat as incremental shock on top of the 1978-80 regime shift.,oil_shock
historical-1990-iraq-kuwait,1990 Iraq/Kuwait crisis and Gulf War,primary_oil_shock,crude oil,1990-08-02,1991-01-17,168,Approx. 61.1 mb/d world oil-consumption equivalent in 1990 from Energy Institute/OWID conversion; EIA says nearly all Kuwaiti and Iraqi output went offline immediately.,4.3,,,,mb/d gross peak supply loss,7.0,"Country-export outage and war-risk shock, not a Hormuz closure; replacement barrels from other OPEC members were the key substitution path.",Meaningful offset from Saudi/OPEC spare capacity and later restoration of market confidence; buffer was stronger than in the 1970s.,"IEA first collective action/contingency plan in Jan. 1991; emergency measures and stockdraws helped offset the loss, with institutional sources citing roughly 2.5 mb/d equivalent planned response.",,,105.5,high,https://energy.gov/sites/prod/files/2013/09/f3/IEA%20Response%20System%20for%20Oil%20Supply%20Emergencies%202012.pdf (accessed 2026-07-06); https://www.eia.gov/todayinenergy/detail.php?id=730 (accessed 2026-07-06); https://www.iea.org/about/oil-security-and-emergency-response (accessed 2026-07-06); https://aperc.or.jp/file/2010/9/26/Emergency_Oil_Stocks_and_Energy_Security_in_the_APEC_Region_2000.pdf (accessed 2026-07-06); https://www.worldbank.org/en/research/commodity-markets (accessed 2026-07-06); https://fred.stlouisfed.org/series/CPIAUCSL (accessed 2026-07-06); https://ourworldindata.org/grapher/oil-consumption-by-country (accessed 2026-07-06),End date uses start of Operation Desert Storm as acute pre-response window; Kuwaiti infrastructure recovery continued long after the price spike.,oil_shock
historical-2002-venezuela-strike,2002-03 Venezuela oil strike,control_oil_shock,crude oil and refined products,2002-12-02,2003-03-31,119,Approx. 70.5 mb/d world oil-consumption equivalent in 2002 from Energy Institute/OWID conversion; Venezuelan production fell from roughly 3.4 mb/d before the strike to below 1 mb/d at the trough in institutional accounts.,2.6,,,,mb/d gross peak supply loss,3.7,Not a route shock; substitution constrained by crude quality and refinery configuration rather than maritime chokepoint capacity.,"Moderate global buffer, but heavy/sour crude quality and U.S. Gulf Coast refinery fit reduced substitutability; shock overlapped with Iraq-war and Nigeria risks.","No IEA collective release identified for this strike; adjustment came through replacement crude, inventories, and demand/price response.",,,21.1,medium,https://energy.gov/sites/prod/files/2013/09/f3/IEA%20Response%20System%20for%20Oil%20Supply%20Emergencies%202012.pdf (accessed 2026-07-06); https://www.eia.gov/todayinenergy/detail.php?id=730 (accessed 2026-07-06); https://treasury.gov.au/publication/economic-roundup-autumn-2003/developments-in-crude-oil-prices (accessed 2026-07-06); https://www.worldbank.org/en/research/commodity-markets (accessed 2026-07-06); https://fred.stlouisfed.org/series/CPIAUCSL (accessed 2026-07-06); https://ourworldindata.org/grapher/oil-consumption-by-country (accessed 2026-07-06),Attribution is messy because the strike coincided with Iraq-war risk and other disruptions; price change should not be read as Venezuela-only impact.,oil_shock
historical-2005-katrina-rita,2005 Hurricanes Katrina and Rita,control_oil_products_logistics_shock,"crude oil, refined products, and refining/logistics",2005-08-29,2005-10-31,63,Approx. 75.8 mb/d world oil-consumption equivalent in 2005 from Energy Institute/OWID conversion; U.S. Gulf offshore output around 1.5 mb/d was shut in at peak and refining/product logistics were also disrupted.,1.5,,,,mb/d gross peak crude supply loss; refining outages larger but not included in share,2.0,"Domestic infrastructure/refining shock; route substitution through imports was possible but constrained by product specs, port/refinery outages, and delivery timing.","Crude supply buffer was less binding than refining/product logistics; product imports, refinery recovery, and fuel waivers mattered more than upstream spare capacity alone.",IEA coordinated 60 million barrel release at 2 mb/d for 30 days; U.S. DOE SPR sale awarded about 11 million barrels after Katrina.,,,16.3,medium,https://energy.gov/sites/prod/files/2013/09/f3/IEA%20Response%20System%20for%20Oil%20Supply%20Emergencies%202012.pdf (accessed 2026-07-06); https://www.doi.gov/ocl/hurricane-recovery-efforts (accessed 2026-07-06); https://www.everycrsreport.com/reports/RL33124.html (accessed 2026-07-06); https://www.energy.gov/hgeo/opr/history-spr-releases (accessed 2026-07-06); https://www.iea.org/about/oil-security-and-emergency-response (accessed 2026-07-06); https://www.worldbank.org/en/research/commodity-markets (accessed 2026-07-06); https://fred.stlouisfed.org/series/CPIAUCSL (accessed 2026-07-06); https://ourworldindata.org/grapher/oil-consumption-by-country (accessed 2026-07-06),"A crude-only disrupted share understates the shock because refinery capacity, pipelines, ports, and refined-product supply were central.",oil_shock
historical-2011-libya,2011 Libya civil war,primary_oil_shock,light sweet crude oil,2011-02-15,2011-12-31,319,Approx. 78.4 mb/d world oil-consumption equivalent in 2011 from Energy Institute/OWID conversion; IEA estimated 132 million barrels of light sweet crude removed by end-May and expected disruption to persist.,1.6,,,,mb/d gross peak supply loss,2.0,"Not a route closure; substitution constrained by crude grade, refinery configuration, and Mediterranean sourcing patterns.","Headline spare capacity existed, especially Saudi, but quality mismatch mattered because Libyan light sweet crude fit specific European refineries.",IEA made 60 million barrels available over one month to offset Libyan disruption while waiting for other supply to reach market.,,,28.4,high,https://energy.gov/sites/prod/files/2013/09/f3/IEA%20Response%20System%20for%20Oil%20Supply%20Emergencies%202012.pdf (accessed 2026-07-06); https://www.iea.org/news/iea-makes-60-million-barrels-of-oil-available-to-market-to-offset-libyan-disruption (accessed 2026-07-06); https://www.worldbank.org/en/research/commodity-markets (accessed 2026-07-06); https://fred.stlouisfed.org/series/CPIAUCSL (accessed 2026-07-06); https://ourworldindata.org/grapher/oil-consumption-by-country (accessed 2026-07-06),"Small global share had outsized market relevance because crude quality and refinery fit mattered; duration field uses broad civil-war disruption window, not only Feb-May cumulative loss window.",oil_shock
historical-2019-abqaiq-khurais,2019 Abqaiq-Khurais attack,primary_oil_shock,crude oil processing and production capacity,2019-09-14,2019-09-30,16,"Global petroleum-liquids market around 100 mb/d in 2019; EIA/CRS report a temporary 5.7 mb/d Saudi outage, roughly 5% of global supply.",5.7,,,,mb/d temporary outage,5.0,"Infrastructure-processing shock rather than route shock; route substitution was not binding, but facility concentration created single-point risk.","Saudi inventories, rapid repairs, and available capacity elsewhere buffered the market; however spare capacity was partly inside the affected Saudi system.",No IEA collective release; Saudi commercial/strategic storage and fast restoration were the main buffer.,,,0.4,high,https://www.eia.gov/todayinenergy/detail.php?id=41413 (accessed 2026-07-06); https://www.everycrsreport.com/files/20191001_IN11173_7532e63c088a7570f3182f0c7b5ff3767678164c.html (accessed 2026-07-06); https://www.worldbank.org/en/research/commodity-markets (accessed 2026-07-06); https://fred.stlouisfed.org/series/CPIAUCSL (accessed 2026-07-06),Monthly average price metric masks the intraday/daily spike and fast reversal after repair assurances; use daily Brent for market-reaction charts.,oil_shock
historical-2022-russia-ukraine,"2022 Russia invasion, sanctions, and buyer strike",primary_oil_shock,crude oil and refined products,2022-02-24,2022-12-31,310,"Global petroleum-liquids market near 99-100 mb/d in 2022; IEA March 2022 warned 3 mb/d of Russian oil output could be shut in from April, while pre-shock Russian exports were about 5 mb/d crude and 2.85 mb/d products.",3.0,,,,mb/d potential shut-in / at-risk output estimate,3.0,"High substitution friction: sanctions, self-sanctioning, insurance, tanker availability, longer voyages, and destination switching turned this into a rerouting/regime-change shock rather than a clean physical outage.","Spare capacity was concentrated in a few OPEC+ producers and constrained by politics, sanctions, quality, refinery fit, shipping, and insurance; U.S. shale response was slower than acute window.","IEA 2022 collective actions ultimately totaled 182.7 million barrels; U.S. SPR releases were also material, but stockdraw timing differed from physical Russian rerouting.",,,40.9,medium,https://www.iea.org/reports/oil-market-report-march-2022 (accessed 2026-07-06); https://www.iea.org/news/iea-governing-board-concludes-2022-collective-actions (accessed 2026-07-06); https://www.iea.org/about/oil-security-and-emergency-response (accessed 2026-07-06); https://www.worldbank.org/en/research/commodity-markets (accessed 2026-07-06); https://fred.stlouisfed.org/series/CPIAUCSL (accessed 2026-07-06),"Use 3 mb/d as IEA risk estimate, not confirmed sustained physical loss. Russia redirected large volumes, so exposed flow, realized shut-in, and rerouted flow must remain separate in later ranking.",oil_shock
suez-1956,Suez Crisis canal closure,route_shipping,oil and petroleum logistics,1956-10-31,1957-03-29,150,IEA/OECD emergency-response histories identify the 1956-57 Suez crisis as the first major postwar oil disruption; OECD notes the crisis effectively blocked about half of canal oil transit and IEA tables give a gross peak supply loss around 2.0 mb/d.,2.0,,,,mb/d,,Cape of Good Hope rerouting and Western Hemisphere supply substitution were available but slow and capacity-constrained for Europe; no SUMED-style pipeline bypass existed in this period.,"Not quantified in this slice; use qualitative ""weeks-scale"" rerouting burden until an archival freight/voyage source is collected.",,,"Freight, insurance, and rationing channels were material but no public institutional daily series has been collected.",,medium,https://www.suezcanal.gov.eg/English/About/SuezCanal/Pages/CanalHistory.aspx; https://energy.gov/sites/prod/files/2013/09/f3/IEA%20Response%20System%20for%20Oil%20Supply%20Emergencies%202012.pdf; https://www.oecd.org/content/dam/oecd/en/publications/reports/2007/12/oil-supply-security-emergency-response-of-iea-countries-2007_g1gh867c/9789264040045-en.pdf,"Accessed 2026-07-06. High confidence for closure dates and IEA peak-loss order of magnitude; lower confidence for daily route-flow denominator. Start date is the Tripartite Aggression date from SCA chronology; SCA says navigation resumed 1957-03-29 after clearing sunk ships. The 2.0 mb/d figure is a gross peak oil-supply disruption, not a direct daily canal transit count.",route_shock
suez-1967-1975,Six-Day War Suez closure,route_shipping,oil and general maritime logistics,1967-06-05,1975-06-05,2923,SCA chronology says navigation stopped after the 1967 war until international navigation resumed on 1975-06-05; IEA emergency tables identify an acute June-August 1967 oil disruption with gross peak supply loss around 2.0 mb/d.,2.0,,,,mb/d,,"Long closure forced structural adaptation: Cape of Good Hope routing, larger tankers, and altered Europe-Asia/Middle East oil logistics. Route substitution was physically feasible but required much longer voyages and fleet/terminal adaptation.","Not quantified here; modern IEA Suez factsheet says Cape rerouting can add roughly two weeks for a prolonged Suez blockage, but that modern estimate should not be applied mechanically to 1967-75.",,,"Freight-rate and tanker-fleet composition effects likely dominated after the acute shock, but public institutional series still need collection.",,medium,https://www.suezcanal.gov.eg/English/About/SuezCanal/Pages/CanalHistory.aspx; https://energy.gov/sites/prod/files/2013/09/f3/IEA%20Response%20System%20for%20Oil%20Supply%20Emergencies%202012.pdf; https://iea.blob.core.windows.net/assets/0a3c8da7-43ad-4511-a0ff-932fd8d0825a/SuezCanal-Factsheet.pdf,"Accessed 2026-07-06. High confidence for closure dates; medium confidence for translating the acute 1967 oil disruption into a long-route logistics metric. The canal was closed for nearly eight years, but the IEA 2.0 mb/d number is for the acute June-August 1967 oil-supply disruption; do not multiply 2.0 mb/d by the full closure duration.",route_shock
tanker-war-1984-1988,Tanker War Persian Gulf shipping attacks,route_shipping,oil tanker traffic and war-risk logistics,1984-01-01,1988-08-08,1682,Strauss Center synthesis: 239 petroleum tankers attacked and 55 sunk or constructive total loss; oil tankers were 61% of attacked ships. It also reports an initial 25% drop in commercial shipping but says the Tanker War failed to disrupt more than 2% of ships passing through the Persian Gulf at the most intense point.,239,,,,petroleum_tankers_attacked,<2 of ships passing through Persian Gulf at peak according to Strauss Center,"Traffic continued under fire with naval escorts, reflagging, insurance premia, and discounts rather than a full Strait closure; the key comparison is resilience under attack, not route elimination.",No alternative global route avoids Hormuz for Gulf exports; mitigation was convoy/security and pricing rather than rerouting. Delay/cost not quantified in this public slice.,,,War-risk insurance and security costs rose; Strauss reports Iran lowered oil prices to offset higher insurance premiums. No consistent public premium series collected.,,medium,https://www.strausscenter.org/strait-of-hormuz-tanker-war/; https://www.history.navy.mil/about-us/leadership/director/directors-corner/h-grams/h-gram-018/h-018-1.html,Accessed 2026-07-06. Start date is approximate escalation year from the local case list and Strauss narrative; attacks began earlier in the Iran-Iraq War. Attack counts are not daily transit denominators and should not be summed with oil-supply-loss cases.,route_shock
suez-ever-given-2021,Ever Given Suez obstruction,route_shipping,"containerized trade, oil, LNG, LPG, agricultural commodities",2021-03-23,2021-03-29,7,"USDA/FAS using SCA annual data reports 18,829 vessels and 1.17 billion net tons transited Suez in 2020; about 12-13% of global trade passes through Suez annually. IEA modern factsheet says Jan-Oct 2023 Suez carried 7.5 mb/d oil and 36 bcm LNG, equal to 10% of global seaborne oil and 8% of global LNG trade.",422,,,,vessels_waiting,12-13 global trade exposed; 100 canal flow stopped during blockage,No in-canal substitute while the vessel blocked the lane; ships could wait or divert around the Cape of Good Hope. Energy flows also had partial pipeline/substitution options depending on direction and commodity.,USDA/FAS says an Arabian Gulf-Europe oil tanker avoiding Suez would travel an additional 6000 miles and add about $300000 in energy costs; IEA says prolonged Suez blockage can add roughly two weeks around Africa.,,,USDA/FAS reports SCA lost $12-14 million revenue per day and $84-98 million over the week; Moody's estimate cited by USDA/FAS put temporary global container throughput impact at 10-15%.,,high,https://apps.fas.usda.gov/newgainapi/api/Report/DownloadReportByFileName?fileName=Navigation+to+Resume+through+Suez+Canal+after+one+of+the+Largest+Cargo+Ships+blocked+the+Crucial+Waterway+for+Seven+Days_Cairo_Egypt_03-30-2021.pdf; https://resilientmaritimelogistics.unctad.org/guidebook/case-study-3-port-port-said-egypt; https://iea.blob.core.windows.net/assets/0a3c8da7-43ad-4511-a0ff-932fd8d0825a/SuezCanal-Factsheet.pdf,"Accessed 2026-07-06. Duration is calendar-inclusive. This was mainly delay/backlog, not destroyed cargo or sustained oil supply removal. Price response is left blank because a clean real commodity-price peak attributable to the blockage was not collected.",route_shock
covid-logistics-2020-2022,COVID maritime logistics disruption,route_shipping,"container shipping, port congestion, general maritime trade",2020-03-01,2022-09-30,944,UNCTAD Review of Maritime Transport 2021 says maritime trade contracted 3.8% in 2020 and then rebounded asymmetrically; RMT 2022 says 2021 maritime trade rose 3.2% to 11 billion tons but remained hampered by unprecedented logistics logjams.,,,,,,,"No single route substitution constraint; the binding constraints were container availability, port labor, inland transport, blank sailings, congestion, and schedule reliability across the network.",UNCTAD RMT 2022 says Far East-North America container schedule delays rose from 2 days in 2020Q1 to 12 days in 2021Q4; median container-ship turnaround time rose 13.7% in 2021.,,,UNCTAD says COVID-related capacity shortages and demand rebound pushed container freight rates to records; RMT 2022 says mid-2021 rates peaked at four times pre-pandemic levels and gives China-South America rates rising from about $2000/TEU in 2019 to $10196/TEU by Dec. 2021.,,medium,https://unctad.org/system/files/official-document/rmt2021summary_en.pdf; https://unctad.org/system/files/official-document/rmt2022overview_en.pdf; https://unctad.org/system/files/official-document/presspb2021d2_en.pdf,"Accessed 2026-07-06. Date window is an analytical approximation covering the main maritime logistics disruption, not a formal event window. This row uses freight/congestion metrics because there is no single chokepoint flow loss; leave exposed flow and disrupted share blank rather than inventing them.",route_shock
red-sea-houthi-2023-ongoing,Red Sea and Bab el-Mandeb shipping disruption,route_shipping,"container shipping, tankers, Suez/Bab el-Mandeb trade",2023-11-19,,,IMF PortWatch blog says about 15% of global maritime trade volume normally passes through Suez; in Jan-Feb 2024 Suez Canal trade volume dropped 50% year over year and Cape of Good Hope trade volume rose 74%. World Bank March 2024 note says traffic through Suez and Bab el-Mandeb had halved while Cape navigation doubled.,,,,,,50 Suez trade volume drop y/y in Jan-Feb 2024; Cape +74 y/y,Cape of Good Hope is the main substitute for Asia-Europe/Red Sea avoidance. It preserves cargo movement but uses more vessel-days and fuel and can create knock-on port and inventory delays.,IMF says diversions around the Cape increased delivery times by 10 days or more on average; World Bank says detours inflated journey distances for cargo and tankers by up to 53%.,,,World Bank reports freight rates rose and shipping insurance costs reached unprecedented heights; this slice does not include a public war-risk premium series.,,high,https://www.imf.org/en/blogs/articles/2024/03/07/red-sea-attacks-disrupt-global-trade; https://portwatch.imf.org/pages/573013af3b6545deaeb50ed1cbaf9444; https://documents1.worldbank.org/curated/en/099414105062418860/pdf/IDU1a1491aa617394148a91856c1eaa57a28f15b.pdf; https://portwatch.imf.org/pages/data-and-methodology,Accessed 2026-07-06. End date and duration are blank because this row treats the disruption as ongoing/not cleanly closed for comparison purposes. The row is useful as a modern route-substitution analogue but not as a historical oil-supply-loss case.,route_shock
current_hormuz_oil_products_aggregate,Current Strait of Hormuz disruption,current_hormuz,oil/products aggregate,,,,19.87 mb/d total oil via Hormuz in 2025; global liquids consumption about 104.0 mb/d,19.87,not_available,not_available,not_available,mb/d,about 19% of world liquid-fuels consumption exposed,Some Saudi and UAE liquids can use bypass routes but capacity/quality/port constraints mean the aggregate oil flow is not fully substitutable; Kuwait Qatar Iraq and Iran have much weaker bypass options,,IEA collective stock action and country SPR/commercial inventory bridges offset part of the shock; examples include U.S. IEA allocation 172.2 mb and Japan allocation 79.8 mb; China public evidence supports commercial stock draw but not clean SPR accounting,"Replacement comes from Atlantic Basin/Russia/non-Hormuz sourcing, refinery-run cuts, inventory draw, and demand destruction; country F6R rows quantify crude adjustment for China India Japan Korea Europe and the United States",Broad oil price channel plus refined-product cracks freight and war-risk premiums; L8M sector table maps 15/25/40% low/base/high energy-price shocks into U.S. business cost bands,,medium_high,data/derived/hormuz_kmz_7_product_disruption_master_table_prelim.csv | data/derived/hormuz_s49_6_stockpile_buffer_duration.csv | data/derived/hormuz_f6r_5_replacement_demand_response.csv | data/derived/hormuz_l8m_6_sector_exposure_bands.csv | https://www.iea.org/about/oil-security-and-emergency-response/strait-of-hormuz | https://www.eia.gov/todayinenergy/detail.php?id=65504 | https://www.eia.gov/outlooks/steo/report/global_oil.php | access_date=2026-07-06,"Headline exposure row, not an additive sum of product rows; local files do not provide a clean low/base/high aggregate disruption range after de-duplicating crude products LPG and refined-product overlaps.",current_hormuz
current_hormuz_crude_condensate,Current Strait of Hormuz disruption,current_hormuz,crude/condensate,,,,14.95 mb/d crude and condensate via Hormuz in 2025; implied global crude trade denominator about 44 mb/d,14.95,2.70,12.35,14.95,mb/d,about 34% of global crude trade exposed,Saudi East-West and UAE/Fujairah options reduce but do not eliminate exposure; Iraq Kuwait Qatar and Iran are highly route-constrained; substitute crude grades and sanctions risk limit rapid replacement,,Oil stock policy buffers are strongest for IEA members; China commercial/operational draw proxy is 25 mb already drawn and 0.5/1.0/1.8 mb/d low/base/high flow-equivalent but government SPR use is opaque,F6R rows estimate crude replacement supply plus inventory draw plus demand destruction for China India Japan South Korea Europe and the United States; Japan and India have the clearest public replacement-procurement signals,Brent and delivered crude price shock; downstream refinery and freight channels propagate into products and energy-intensive sectors,,medium,data/derived/hormuz_kmz_3_country_product_disruption_estimates.csv | data/derived/hormuz_kmz_7_product_disruption_master_table_prelim.csv | data/derived/hormuz_f6r_1_importer_exposure_matrix.csv | data/derived/hormuz_f6r_5_replacement_demand_response.csv | data/derived/hormuz_s49_6_stockpile_buffer_duration.csv | https://www.iea.org/about/oil-security-and-emergency-response/strait-of-hormuz | https://www.eia.gov/todayinenergy/detail.php?id=65504 | https://www.eia.gov/todayinenergy/images/2025.06.16/fig3.xlsx | access_date=2026-07-06,Low is a sum of local country-component low scenarios for Saudi Iraq UAE Kuwait Qatar and Iran including mixed UAE/Kuwait crude-product rows; base uses the KMZ.7 product master estimate; high is full exposed crude/condensate benchmark.,current_hormuz
current_hormuz_lng,Current Strait of Hormuz disruption,current_hormuz,LNG,,,,11.43 Bcf/d Qatar plus UAE 2025Q1 LNG run-rate; more than 110 bcm/year via Hormuz in 2025,11.43,8.00,10.70,11.43,Bcf/d,almost one-fifth of global LNG trade and more than one-quarter of Asia LNG imports exposed,No practical maritime bypass for Qatar/UAE LNG; Oman or pipeline alternatives are not a scalable replacement for Qatari liquefaction exports,,Japan LNG stock about 21 days of national consumption; South Korea reserve rule 7 days mandatory plus 30 days preventive reserve; Europe storage helps global LNG balance indirectly but does not replace Asian cargoes,"Replacement supply is limited; F6R Asia aggregate estimates 0.02/0.05/0.08 bcm/d equivalent and most adjustment is demand rationing, fuel switching, cargo competition, and storage draw",Spot LNG and regional gas basis channel; power generation fertilizer industry and petrochemicals face rationing or higher gas costs,,high,data/derived/hormuz_kmz_3_country_product_disruption_estimates.csv | data/derived/hormuz_kmz_7_product_disruption_master_table_prelim.csv | data/derived/hormuz_f6r_1_importer_exposure_matrix.csv | data/derived/hormuz_f6r_5_replacement_demand_response.csv | data/derived/hormuz_s49_6_stockpile_buffer_duration.csv | https://www.iea.org/topics/the-middle-east-and-global-energy-markets | https://www.eia.gov/todayinenergy/detail.php?id=65584 | access_date=2026-07-06,"Scenario volumes sum Qatar and UAE local KMZ.3 rows in Bcf/d; master table reports the comparable base loss as about 0.30 bcm/d, so unit conversions should be handled before merging with historical gas cases.",current_hormuz
current_hormuz_lpg_ngl,Current Strait of Hormuz disruption,current_hormuz,LPG/NGL,,,,1.5 mb/d Gulf LPG exports in 2025; 30% of seaborne LPG exports crossed Hormuz in 2025,1.50,not_available,1.20,not_available,mb/d,30% of seaborne LPG exports exposed,No true bypass market; non-Gulf LPG exists but tanker availability feedstock logistics contract positions and import-terminal limits constrain rapid substitution,,India has no public national LPG stock-duration series; public evidence supports allocation controls domestic yield maximization alternative suppliers and booking restrictions rather than a defensible days-of-cover number,"India LPG row estimates replacement 0.10/0.18/0.28 mb/d, inventory draw 0.03/0.06/0.10 mb/d, and demand destruction 0.05/0.08/0.12 mb/d against about 0.43 mb/d disrupted imports",Household cooking fuel petrochemical C3/C4 feedstock and shipping-cost channel; price effects spill into chemicals and consumer fuel subsidies,,high_for_exposure_medium_for_adjustment,data/derived/hormuz_kmz_7_product_disruption_master_table_prelim.csv | data/derived/hormuz_f6r_1_importer_exposure_matrix.csv | data/derived/hormuz_f6r_5_replacement_demand_response.csv | data/derived/hormuz_s49_6_stockpile_buffer_duration.csv | https://www.iea.org/topics/the-middle-east-and-global-energy-markets | https://www.pib.gov.in/PressReleasePage.aspx?PRID=2239021&lang=2&reg=3 | access_date=2026-07-06,Local product master has a base disrupted volume but not a complete low/high range. Avoid double-counting with petroleum liquids totals and Qatar refined-products rows that include LPG/naphtha.,current_hormuz
current_hormuz_refined_products,Current Strait of Hormuz disruption,current_hormuz,refined products,,,,3.3 mb/d Gulf refined-product exports in 2025,3.30,not_available,2.40,3.30,mb/d,IEA/World Bank framing around roughly one-fifth of refined-product trade via Hormuz; local denominator still pending,Some Saudi and UAE product barrels can be rerouted through Red Sea or Fujairah/Oman options but Gulf product routes remain exposed; replacement runs outside the Gulf are constrained by crude/feedstock availability and product specifications,,Oil-product inventories and IEA stock releases can buffer some crude/product balances but public product-specific days of cover are weaker than crude stock data,"F6R Europe row captures crude/refined-product replacement 0.35/0.60/0.80 mb/d, inventory draw 0.10/0.20/0.35 mb/d, and demand destruction 0.02/0.08/0.18 mb/d; broader product substitution remains incompletely observed",Diesel jet fuel gasoline and middle-distillate cracks; transportation and warehousing cost pass-through is likely faster than broad services pass-through,,medium,data/derived/hormuz_kmz_3_country_product_disruption_estimates.csv | data/derived/hormuz_kmz_7_product_disruption_master_table_prelim.csv | data/derived/hormuz_f6r_1_importer_exposure_matrix.csv | data/derived/hormuz_f6r_5_replacement_demand_response.csv | data/derived/hormuz_l8m_6_sector_exposure_bands.csv | https://www.iea.org/topics/the-middle-east-and-global-energy-markets | access_date=2026-07-06,Base uses KMZ.7 master table. High uses full 3.3 mb/d exposed benchmark. KMZ.3 country product rows sum above this because they include route proxies and overlapping LPG/naphtha/mixed oil baskets.,current_hormuz
current_hormuz_sulphur,Current Strait of Hormuz disruption,current_hormuz,sulphur,,,,About half of global seaborne sulphur trade moves through Hormuz; local Qatar UAE Saudi component baseline 8.623 Mt/year,8.623,2.800,6.150,8.623,Mt/year,about 50% of global seaborne sulphur trade exposed,Limited near-term substitute origin flexibility; Canada Kazakhstan and other non-Gulf sources can help but sour-gas/oil processing terminal stocks and phosphate-chain operating rates constrain replacement,,No reliable public inventory series or strategic sulphur reserve; S49 flags this as high-confidence exposure but low-confidence buffer information,F6R sulfur row characterizes replacement low/base/high as medium_low/medium/medium_high rather than tonnage; affected chains are China and Morocco phosphate producers plus broader acid/fertilizer users,Sulphuric acid phosphate fertilizer refining and critical-mineral chemistry feedstock channel; price pressure transmits to MAP/DAP and crop-input costs,,medium,data/derived/hormuz_kmz_3_country_product_disruption_estimates.csv | data/derived/hormuz_kmz_7_product_disruption_master_table_prelim.csv | data/derived/hormuz_f6r_1_importer_exposure_matrix.csv | data/derived/hormuz_f6r_5_replacement_demand_response.csv | data/derived/hormuz_s49_6_stockpile_buffer_duration.csv | https://www.iea.org/topics/the-middle-east-and-global-energy-markets | https://www.fertilizer.org/wp-content/uploads/2026/05/2026_IFA_Medium_Term_Outlook_Report_English.pdf | access_date=2026-07-06,"Low/base/high are summed local Qatar UAE Saudi country-component scenarios, not observed cargo losses; sulphur is upstream of phosphate fertilizer, so do not add mechanically to fertilizer output rows.",current_hormuz
current_hormuz_fertilizer,Current Strait of Hormuz disruption,current_hormuz,urea/ammonia/fertilizer,,,,Upstream Hormuz countries account for 34% of global urea trade 23% of ammonia trade and 18% of MAP/DAP trade; local urea plus ammonia component baseline 16.839 Mt/year,16.839,5.650,12.600,16.839,Mt/year product-equivalent,34% of global urea trade; 23% of ammonia trade; 18% of MAP/DAP trade exposed,Some cargo rerouting and land corridors exist but nitrogen fertilizer depends on Gulf gas/ammonia capacity and phosphate fertilizers also depend on sulphur and ammonia feedstocks; planting seasons make delays costly,,FAO/IFA evidence says no coordinated strategic fertilizer reserve; India has seasonal stock proxies such as about 41 days of urea and 67 days of DAP based on March 2026 parliamentary data,F6R fertilizer row rates replacement low/base/high as medium_low/medium/medium_high; demand response can mean delayed purchases or lower application rather than immediate consumption destruction,Food-cost channel via nitrogen and phosphate fertilizers; downstream agriculture and food manufacturing exposure appears in L8M Food tier-2 input/freight band,,medium,data/derived/hormuz_kmz_3_country_product_disruption_estimates.csv | data/derived/hormuz_kmz_7_product_disruption_master_table_prelim.csv | data/derived/hormuz_f6r_1_importer_exposure_matrix.csv | data/derived/hormuz_f6r_5_replacement_demand_response.csv | data/derived/hormuz_s49_6_stockpile_buffer_duration.csv | data/derived/hormuz_l8m_6_sector_exposure_bands.csv | https://www.fertilizer.org/wp-content/uploads/2026/05/2026_IFA_Medium_Term_Outlook_Report_English.pdf | https://www.fao.org/director-general/speeches/details/180th-session-of-the-council--implications-for-world-food-security-and-agriculture-arising-from-disruptions-of-supply-chains-in-the-gulf-region--including-the-closure-of-key-maritime-routes--opening-statement/en | access_date=2026-07-06,Scenario volumes sum local Saudi/Qatar/Bahrain urea and ammonia component rows and therefore mix product and feedstock flows. Use trade-share columns for normalized historical comparison; do not add ammonia and urea as independent final losses without feedstock accounting.,current_hormuz
current_hormuz_aluminium,Current Strait of Hormuz disruption,current_hormuz,aluminium,,,,About 5 Mt/year shipped through Hormuz; Gulf producers about 8% of global aluminium supply; local Bahrain component baseline 0.968 Mt/year,5.000,0.350,0.750,0.968,Mt/year,about 8% of global aluminium supply exposed,Route alternatives are not yet reconciled for all Gulf smelters; Bahrain is a clean Hormuz-dependent flow while UAE/Qatar/Saudi route shares need stronger confirmation,,No strategic aluminium stockpile row in local buffer table; production offset is slower and depends on power alumina smelter capacity and downstream demand,"F6R aluminium row rates replacement low/base/high as medium_low/medium/medium_high rather than tonnage; likely adjustment is delayed shipments, substitution from non-Gulf metal, and demand rationing",Primary metals input-cost channel; L8M primary metals row estimates U.S. direct energy added-cost sensitivity of 0.866/2.475/5.940 billion dollars under low/base/high shocks,,medium,data/derived/hormuz_kmz_3_country_product_disruption_estimates.csv | data/derived/hormuz_kmz_7_product_disruption_master_table_prelim.csv | data/derived/hormuz_f6r_1_importer_exposure_matrix.csv | data/derived/hormuz_f6r_5_replacement_demand_response.csv | data/derived/hormuz_l8m_6_sector_exposure_bands.csv | https://www.iea.org/topics/the-middle-east-and-global-energy-markets | access_date=2026-07-06,Exposed flow uses the Gulf-wide IEA/KMZ master benchmark. Low/base/high tonnages are only the Bahrain local KMZ.3 component because full Gulf aluminium scenario volumes are not resolved.,current_hormuz
current_hormuz_shipping_insurance,Current Strait of Hormuz disruption,current_hormuz,shipping/insurance,,,,0.10-0.15% hull value pre-war additional war-risk premium benchmark; broader baseline is all Hormuz-linked vessel traffic,not_applicable,1.00,2.00,3.00,% hull value AWRP,war-risk premium roughly 8x-30x normal in cited periods; applies across affected cargoes,Not a physical substitute-flow row; route avoidance increases voyage days and fleet requirements while insurance availability and charter willingness can bind even when cargo exists,,Strategic commodity stocks reduce urgency for some cargoes but do not directly offset vessel-day losses or insurance premia,"Demand response is indirect: cargo deferral, slower voyages, route changes, smaller spot participation, and higher delivered-cost pass-through",War-risk premiums freight demurrage security escorts and rerouting costs multiply oil LNG LPG fertilizer metals and container/bulk channels,,medium_high,data/derived/hormuz_kmz_7_product_disruption_master_table_prelim.csv | data/derived/hormuz_2y7_public_daily_tracker.csv | issues/done/hormuz-kmz.5-quantify-freight-insurance-and-war-risk-disruption.md | https://www.spglobal.com/energy/en/news-research/latest-news/shipping/033026-war-risk-insurance-cost-off-highs-but-still-elevated-in-persian-gulf | https://www.eia.gov/todayinenergy/detail.php?id=67386 | https://journalrecord.com/2026/03/04/middle-east-oil-lng-shipping-costs-strait-hormuz/ | https://www.marinelink.com/news/gulf-tanker-rates-nearly-double-middle-540569 | https://www.centcom.mil/MEDIA/PUBLIC-RELEASES/Article/4522490/commercial-vessels-flow-through-open-strait-of-hormuz/ | access_date=2026-07-06,"Low/base/high are insurance-cost scenarios from the KMZ.7 freight/war-risk row, not disrupted physical flow.",current_hormuz
